experiment_id	configuration	arm	dataset_id	independent_unit_id	independent_unit_type	outer_split_id	metric	metric_definition_version	value	direction	stratum	evaluation_scope	candidate_rank	selected_rank	n_eligible_units	n_failed_units	status	artifact_path
000-full_training_pool-base_identifiable_SMOKE_r0-outer_0-fit-fc116850294a	000	full_training_pool	base_identifiable_SMOKE_r0	000-full_training_pool-base_identifiable_SMOKE_r0-outer_0-fit-fc116850294a	experiment	outer_0	wall_seconds_v1	1	0.5144019899889827	lower_is_better	all	experiment			1	0	ok_provisional	results/exploratory/p0skel-000-smoke/outer_0
000-full_training_pool-base_identifiable_SMOKE_r0-outer_0-fit-fc116850294a	000	full_training_pool	base_identifiable_SMOKE_r0	000-full_training_pool-base_identifiable_SMOKE_r0-outer_0-fit-fc116850294a	experiment	outer_0	cpu_seconds_v1	1	0.3633811149999997	lower_is_better	all	experiment			1	0	ok_provisional	results/exploratory/p0skel-000-smoke/outer_0
000-full_training_pool-base_identifiable_SMOKE_r0-outer_0-fit-fc116850294a	000	full_training_pool	base_identifiable_SMOKE_r0	000-full_training_pool-base_identifiable_SMOKE_r0-outer_0-fit-fc116850294a	experiment	outer_0	peak_memory_mb_v1	1	258.8046875	lower_is_better	all	experiment			1	0	ok_provisional	results/exploratory/p0skel-000-smoke/outer_0
000-full_training_pool-base_identifiable_SMOKE_r0-outer_0-fit-fc116850294a	000	full_training_pool	base_identifiable_SMOKE_r0	000-full_training_pool-base_identifiable_SMOKE_r0-outer_0-fit-fc116850294a	experiment	outer_0	failed_fits_v1	1	0	lower_is_better	all	experiment			1	0	ok_provisional	results/exploratory/p0skel-000-smoke/outer_0
000-full_training_pool-base_identifiable_SMOKE_r0-outer_0-k2-5fa1c9ec16a2	000	full_training_pool	base_identifiable_SMOKE_r0	donor_001	donor	outer_0	heldout_squared_prediction_error_v1	1	15.881711379220132	lower_is_better	all	per_donor	2		30	0	ok_provisional	results/exploratory/p0skel-000-smoke/outer_0/outer_0/cnmf_tmp/outer_0.spectra.k_2.dt_2_0.consensus.df.npz
000-full_training_pool-base_identifiable_SMOKE_r0-outer_0-k2-5fa1c9ec16a2	000	full_training_pool	base_identifiable_SMOKE_r0	donor_002	donor	outer_0	heldout_squared_prediction_error_v1	1	23.18036560856116	lower_is_better	all	per_donor	2		30	0	ok_provisional	results/exploratory/p0skel-000-smoke/outer_0/outer_0/cnmf_tmp/outer_0.spectra.k_2.dt_2_0.consensus.df.npz
000-full_training_pool-base_identifiable_SMOKE_r0-outer_0-k2-5fa1c9ec16a2	000	full_training_pool	base_identifiable_SMOKE_r0	donor_003	donor	outer_0	heldout_squared_prediction_error_v1	1	13.00049634298828	lower_is_better	all	per_donor	2		30	0	ok_provisional	results/exploratory/p0skel-000-smoke/outer_0/outer_0/cnmf_tmp/outer_0.spectra.k_2.dt_2_0.consensus.df.npz
000-full_training_pool-base_identifiable_SMOKE_r0-outer_0-k2-5fa1c9ec16a2	000	full_training_pool	base_identifiable_SMOKE_r0	donor_007	donor	outer_0	heldout_squared_prediction_error_v1	1	11.67642848645259	lower_is_better	all	per_donor	2		30	0	ok_provisional	results/exploratory/p0skel-000-smoke/outer_0/outer_0/cnmf_tmp/outer_0.spectra.k_2.dt_2_0.consensus.df.npz
000-full_training_pool-base_identifiable_SMOKE_r0-outer_0-k2-5fa1c9ec16a2	000	full_training_pool	base_identifiable_SMOKE_r0	ALL_TEST_DONORS	donor	outer_0	heldout_squared_prediction_error_v1	1	15.93475045430554	lower_is_better	all	equal_donor_mean	2		4	0	ok_provisional	results/exploratory/p0skel-000-smoke/outer_0/outer_0/cnmf_tmp/outer_0.spectra.k_2.dt_2_0.consensus.df.npz
000-full_training_pool-base_identifiable_SMOKE_r0-outer_0-k2-5fa1c9ec16a2	000	full_training_pool	base_identifiable_SMOKE_r0	donor_001	donor	outer_0	heldout_squared_prediction_error_counts_v1	1	2735.1397291031567	lower_is_better	all	per_donor	2		30	0	ok_provisional	results/exploratory/p0skel-000-smoke/outer_0/outer_0/cnmf_tmp/outer_0.spectra.k_2.dt_2_0.consensus.df.npz
000-full_training_pool-base_identifiable_SMOKE_r0-outer_0-k2-5fa1c9ec16a2	000	full_training_pool	base_identifiable_SMOKE_r0	donor_002	donor	outer_0	heldout_squared_prediction_error_counts_v1	1	3514.6878268783134	lower_is_better	all	per_donor	2		30	0	ok_provisional	results/exploratory/p0skel-000-smoke/outer_0/outer_0/cnmf_tmp/outer_0.spectra.k_2.dt_2_0.consensus.df.npz
000-full_training_pool-base_identifiable_SMOKE_r0-outer_0-k2-5fa1c9ec16a2	000	full_training_pool	base_identifiable_SMOKE_r0	donor_003	donor	outer_0	heldout_squared_prediction_error_counts_v1	1	2091.2684751440183	lower_is_better	all	per_donor	2		30	0	ok_provisional	results/exploratory/p0skel-000-smoke/outer_0/outer_0/cnmf_tmp/outer_0.spectra.k_2.dt_2_0.consensus.df.npz
000-full_training_pool-base_identifiable_SMOKE_r0-outer_0-k2-5fa1c9ec16a2	000	full_training_pool	base_identifiable_SMOKE_r0	donor_007	donor	outer_0	heldout_squared_prediction_error_counts_v1	1	1541.5319657786802	lower_is_better	all	per_donor	2		30	0	ok_provisional	results/exploratory/p0skel-000-smoke/outer_0/outer_0/cnmf_tmp/outer_0.spectra.k_2.dt_2_0.consensus.df.npz
000-full_training_pool-base_identifiable_SMOKE_r0-outer_0-k2-5fa1c9ec16a2	000	full_training_pool	base_identifiable_SMOKE_r0	ALL_TEST_DONORS	donor	outer_0	heldout_squared_prediction_error_counts_v1	1	2470.6569992260424	lower_is_better	all	equal_donor_mean	2		4	0	ok_provisional	results/exploratory/p0skel-000-smoke/outer_0/outer_0/cnmf_tmp/outer_0.spectra.k_2.dt_2_0.consensus.df.npz
000-full_training_pool-base_identifiable_SMOKE_r0-outer_0-k2-5fa1c9ec16a2	000	full_training_pool	base_identifiable_SMOKE_r0	donor_001	donor	outer_0	null_squared_prediction_error_v1	1	19.070817145650164	lower_is_better	all	per_donor	2		30	0	ok_provisional	results/exploratory/p0skel-000-smoke/outer_0/outer_0/cnmf_tmp/outer_0.spectra.k_2.dt_2_0.consensus.df.npz
000-full_training_pool-base_identifiable_SMOKE_r0-outer_0-k2-5fa1c9ec16a2	000	full_training_pool	base_identifiable_SMOKE_r0	donor_002	donor	outer_0	null_squared_prediction_error_v1	1	118.16519227776028	lower_is_better	all	per_donor	2		30	0	ok_provisional	results/exploratory/p0skel-000-smoke/outer_0/outer_0/cnmf_tmp/outer_0.spectra.k_2.dt_2_0.consensus.df.npz
000-full_training_pool-base_identifiable_SMOKE_r0-outer_0-k2-5fa1c9ec16a2	000	full_training_pool	base_identifiable_SMOKE_r0	donor_003	donor	outer_0	null_squared_prediction_error_v1	1	16.331657624503862	lower_is_better	all	per_donor	2		30	0	ok_provisional	results/exploratory/p0skel-000-smoke/outer_0/outer_0/cnmf_tmp/outer_0.spectra.k_2.dt_2_0.consensus.df.npz
000-full_training_pool-base_identifiable_SMOKE_r0-outer_0-k2-5fa1c9ec16a2	000	full_training_pool	base_identifiable_SMOKE_r0	donor_007	donor	outer_0	null_squared_prediction_error_v1	1	42.584469731927896	lower_is_better	all	per_donor	2		30	0	ok_provisional	results/exploratory/p0skel-000-smoke/outer_0/outer_0/cnmf_tmp/outer_0.spectra.k_2.dt_2_0.consensus.df.npz
000-full_training_pool-base_identifiable_SMOKE_r0-outer_0-k2-5fa1c9ec16a2	000	full_training_pool	base_identifiable_SMOKE_r0	ALL_TEST_DONORS	donor	outer_0	null_squared_prediction_error_v1	1	49.03803419496055	lower_is_better	all	equal_donor_mean	2		4	0	ok_provisional	results/exploratory/p0skel-000-smoke/outer_0/outer_0/cnmf_tmp/outer_0.spectra.k_2.dt_2_0.consensus.df.npz
000-full_training_pool-base_identifiable_SMOKE_r0-outer_0-k2-5fa1c9ec16a2	000	full_training_pool	base_identifiable_SMOKE_r0	000-full_training_pool-base_identifiable_SMOKE_r0-outer_0-k2-5fa1c9ec16a2	experiment	outer_0	wall_seconds_v1	1	0.1339212516322732	lower_is_better	all	experiment	2		1	0	ok_provisional	results/exploratory/p0skel-000-smoke/outer_0/outer_0/cnmf_tmp/outer_0.spectra.k_2.dt_2_0.consensus.df.npz
000-full_training_pool-base_identifiable_SMOKE_r0-outer_0-k2-5fa1c9ec16a2	000	full_training_pool	base_identifiable_SMOKE_r0	000-full_training_pool-base_identifiable_SMOKE_r0-outer_0-k2-5fa1c9ec16a2	experiment	outer_0	cpu_seconds_v1	1	0.0767857030000001	lower_is_better	all	experiment	2		1	0	ok_provisional	results/exploratory/p0skel-000-smoke/outer_0/outer_0/cnmf_tmp/outer_0.spectra.k_2.dt_2_0.consensus.df.npz
000-full_training_pool-base_identifiable_SMOKE_r0-outer_0-k2-5fa1c9ec16a2	000	full_training_pool	base_identifiable_SMOKE_r0	000-full_training_pool-base_identifiable_SMOKE_r0-outer_0-k2-5fa1c9ec16a2	experiment	outer_0	peak_memory_mb_v1	1	259.73828125	lower_is_better	all	experiment	2		1	0	ok_provisional	results/exploratory/p0skel-000-smoke/outer_0/outer_0/cnmf_tmp/outer_0.spectra.k_2.dt_2_0.consensus.df.npz
000-full_training_pool-base_identifiable_SMOKE_r0-outer_0-k2-5fa1c9ec16a2	000	full_training_pool	base_identifiable_SMOKE_r0	000-full_training_pool-base_identifiable_SMOKE_r0-outer_0-k2-5fa1c9ec16a2	experiment	outer_0	failed_fits_v1	1	0	lower_is_better	all	experiment	2		1	0	ok_provisional	results/exploratory/p0skel-000-smoke/outer_0/outer_0/cnmf_tmp/outer_0.spectra.k_2.dt_2_0.consensus.df.npz
000-full_training_pool-base_identifiable_SMOKE_r0-outer_0-k3-221d41501f45	000	full_training_pool	base_identifiable_SMOKE_r0	donor_001	donor	outer_0	heldout_squared_prediction_error_v1	1	12.695225617826797	lower_is_better	all	per_donor	3		30	0	ok_provisional	results/exploratory/p0skel-000-smoke/outer_0/outer_0/cnmf_tmp/outer_0.spectra.k_3.dt_2_0.consensus.df.npz
000-full_training_pool-base_identifiable_SMOKE_r0-outer_0-k3-221d41501f45	000	full_training_pool	base_identifiable_SMOKE_r0	donor_002	donor	outer_0	heldout_squared_prediction_error_v1	1	19.69542073981202	lower_is_better	all	per_donor	3		30	0	ok_provisional	results/exploratory/p0skel-000-smoke/outer_0/outer_0/cnmf_tmp/outer_0.spectra.k_3.dt_2_0.consensus.df.npz
000-full_training_pool-base_identifiable_SMOKE_r0-outer_0-k3-221d41501f45	000	full_training_pool	base_identifiable_SMOKE_r0	donor_003	donor	outer_0	heldout_squared_prediction_error_v1	1	11.423096694177104	lower_is_better	all	per_donor	3		30	0	ok_provisional	results/exploratory/p0skel-000-smoke/outer_0/outer_0/cnmf_tmp/outer_0.spectra.k_3.dt_2_0.consensus.df.npz
000-full_training_pool-base_identifiable_SMOKE_r0-outer_0-k3-221d41501f45	000	full_training_pool	base_identifiable_SMOKE_r0	donor_007	donor	outer_0	heldout_squared_prediction_error_v1	1	10.63126895314548	lower_is_better	all	per_donor	3		30	0	ok_provisional	results/exploratory/p0skel-000-smoke/outer_0/outer_0/cnmf_tmp/outer_0.spectra.k_3.dt_2_0.consensus.df.npz
000-full_training_pool-base_identifiable_SMOKE_r0-outer_0-k3-221d41501f45	000	full_training_pool	base_identifiable_SMOKE_r0	ALL_TEST_DONORS	donor	outer_0	heldout_squared_prediction_error_v1	1	13.61125300124035	lower_is_better	all	equal_donor_mean	3		4	0	ok_provisional	results/exploratory/p0skel-000-smoke/outer_0/outer_0/cnmf_tmp/outer_0.spectra.k_3.dt_2_0.consensus.df.npz
000-full_training_pool-base_identifiable_SMOKE_r0-outer_0-k3-221d41501f45	000	full_training_pool	base_identifiable_SMOKE_r0	donor_001	donor	outer_0	heldout_squared_prediction_error_counts_v1	1	1474.4658240871058	lower_is_better	all	per_donor	3		30	0	ok_provisional	results/exploratory/p0skel-000-smoke/outer_0/outer_0/cnmf_tmp/outer_0.spectra.k_3.dt_2_0.consensus.df.npz
000-full_training_pool-base_identifiable_SMOKE_r0-outer_0-k3-221d41501f45	000	full_training_pool	base_identifiable_SMOKE_r0	donor_002	donor	outer_0	heldout_squared_prediction_error_counts_v1	1	2203.508986393976	lower_is_better	all	per_donor	3		30	0	ok_provisional	results/exploratory/p0skel-000-smoke/outer_0/outer_0/cnmf_tmp/outer_0.spectra.k_3.dt_2_0.consensus.df.npz
000-full_training_pool-base_identifiable_SMOKE_r0-outer_0-k3-221d41501f45	000	full_training_pool	base_identifiable_SMOKE_r0	donor_003	donor	outer_0	heldout_squared_prediction_error_counts_v1	1	1442.2913300679943	lower_is_better	all	per_donor	3		30	0	ok_provisional	results/exploratory/p0skel-000-smoke/outer_0/outer_0/cnmf_tmp/outer_0.spectra.k_3.dt_2_0.consensus.df.npz
000-full_training_pool-base_identifiable_SMOKE_r0-outer_0-k3-221d41501f45	000	full_training_pool	base_identifiable_SMOKE_r0	donor_007	donor	outer_0	heldout_squared_prediction_error_counts_v1	1	1187.9116166517329	lower_is_better	all	per_donor	3		30	0	ok_provisional	results/exploratory/p0skel-000-smoke/outer_0/outer_0/cnmf_tmp/outer_0.spectra.k_3.dt_2_0.consensus.df.npz
000-full_training_pool-base_identifiable_SMOKE_r0-outer_0-k3-221d41501f45	000	full_training_pool	base_identifiable_SMOKE_r0	ALL_TEST_DONORS	donor	outer_0	heldout_squared_prediction_error_counts_v1	1	1577.0444393002022	lower_is_better	all	equal_donor_mean	3		4	0	ok_provisional	results/exploratory/p0skel-000-smoke/outer_0/outer_0/cnmf_tmp/outer_0.spectra.k_3.dt_2_0.consensus.df.npz
000-full_training_pool-base_identifiable_SMOKE_r0-outer_0-k3-221d41501f45	000	full_training_pool	base_identifiable_SMOKE_r0	donor_001	donor	outer_0	null_squared_prediction_error_v1	1	19.070817145650164	lower_is_better	all	per_donor	3		30	0	ok_provisional	results/exploratory/p0skel-000-smoke/outer_0/outer_0/cnmf_tmp/outer_0.spectra.k_3.dt_2_0.consensus.df.npz
000-full_training_pool-base_identifiable_SMOKE_r0-outer_0-k3-221d41501f45	000	full_training_pool	base_identifiable_SMOKE_r0	donor_002	donor	outer_0	null_squared_prediction_error_v1	1	118.16519227776028	lower_is_better	all	per_donor	3		30	0	ok_provisional	results/exploratory/p0skel-000-smoke/outer_0/outer_0/cnmf_tmp/outer_0.spectra.k_3.dt_2_0.consensus.df.npz
000-full_training_pool-base_identifiable_SMOKE_r0-outer_0-k3-221d41501f45	000	full_training_pool	base_identifiable_SMOKE_r0	donor_003	donor	outer_0	null_squared_prediction_error_v1	1	16.331657624503862	lower_is_better	all	per_donor	3		30	0	ok_provisional	results/exploratory/p0skel-000-smoke/outer_0/outer_0/cnmf_tmp/outer_0.spectra.k_3.dt_2_0.consensus.df.npz
000-full_training_pool-base_identifiable_SMOKE_r0-outer_0-k3-221d41501f45	000	full_training_pool	base_identifiable_SMOKE_r0	donor_007	donor	outer_0	null_squared_prediction_error_v1	1	42.584469731927896	lower_is_better	all	per_donor	3		30	0	ok_provisional	results/exploratory/p0skel-000-smoke/outer_0/outer_0/cnmf_tmp/outer_0.spectra.k_3.dt_2_0.consensus.df.npz
000-full_training_pool-base_identifiable_SMOKE_r0-outer_0-k3-221d41501f45	000	full_training_pool	base_identifiable_SMOKE_r0	ALL_TEST_DONORS	donor	outer_0	null_squared_prediction_error_v1	1	49.03803419496055	lower_is_better	all	equal_donor_mean	3		4	0	ok_provisional	results/exploratory/p0skel-000-smoke/outer_0/outer_0/cnmf_tmp/outer_0.spectra.k_3.dt_2_0.consensus.df.npz
000-full_training_pool-base_identifiable_SMOKE_r0-outer_0-k3-221d41501f45	000	full_training_pool	base_identifiable_SMOKE_r0	000-full_training_pool-base_identifiable_SMOKE_r0-outer_0-k3-221d41501f45	experiment	outer_0	wall_seconds_v1	1	0.1323454617522657	lower_is_better	all	experiment	3		1	0	ok_provisional	results/exploratory/p0skel-000-smoke/outer_0/outer_0/cnmf_tmp/outer_0.spectra.k_3.dt_2_0.consensus.df.npz
000-full_training_pool-base_identifiable_SMOKE_r0-outer_0-k3-221d41501f45	000	full_training_pool	base_identifiable_SMOKE_r0	000-full_training_pool-base_identifiable_SMOKE_r0-outer_0-k3-221d41501f45	experiment	outer_0	cpu_seconds_v1	1	0.0797214300000002	lower_is_better	all	experiment	3		1	0	ok_provisional	results/exploratory/p0skel-000-smoke/outer_0/outer_0/cnmf_tmp/outer_0.spectra.k_3.dt_2_0.consensus.df.npz
000-full_training_pool-base_identifiable_SMOKE_r0-outer_0-k3-221d41501f45	000	full_training_pool	base_identifiable_SMOKE_r0	000-full_training_pool-base_identifiable_SMOKE_r0-outer_0-k3-221d41501f45	experiment	outer_0	peak_memory_mb_v1	1	260.49609375	lower_is_better	all	experiment	3		1	0	ok_provisional	results/exploratory/p0skel-000-smoke/outer_0/outer_0/cnmf_tmp/outer_0.spectra.k_3.dt_2_0.consensus.df.npz
000-full_training_pool-base_identifiable_SMOKE_r0-outer_0-k3-221d41501f45	000	full_training_pool	base_identifiable_SMOKE_r0	000-full_training_pool-base_identifiable_SMOKE_r0-outer_0-k3-221d41501f45	experiment	outer_0	failed_fits_v1	1	0	lower_is_better	all	experiment	3		1	0	ok_provisional	results/exploratory/p0skel-000-smoke/outer_0/outer_0/cnmf_tmp/outer_0.spectra.k_3.dt_2_0.consensus.df.npz
000-full_training_pool-base_identifiable_SMOKE_r0-outer_0-k4-8fa55d0149e2	000	full_training_pool	base_identifiable_SMOKE_r0	donor_001	donor	outer_0	heldout_squared_prediction_error_v1	1	12.664731427926595	lower_is_better	all	per_donor	4		30	0	ok_provisional	results/exploratory/p0skel-000-smoke/outer_0/outer_0/cnmf_tmp/outer_0.spectra.k_4.dt_2_0.consensus.df.npz
000-full_training_pool-base_identifiable_SMOKE_r0-outer_0-k4-8fa55d0149e2	000	full_training_pool	base_identifiable_SMOKE_r0	donor_002	donor	outer_0	heldout_squared_prediction_error_v1	1	19.94916107064743	lower_is_better	all	per_donor	4		30	0	ok_provisional	results/exploratory/p0skel-000-smoke/outer_0/outer_0/cnmf_tmp/outer_0.spectra.k_4.dt_2_0.consensus.df.npz
000-full_training_pool-base_identifiable_SMOKE_r0-outer_0-k4-8fa55d0149e2	000	full_training_pool	base_identifiable_SMOKE_r0	donor_003	donor	outer_0	heldout_squared_prediction_error_v1	1	11.56859970346678	lower_is_better	all	per_donor	4		30	0	ok_provisional	results/exploratory/p0skel-000-smoke/outer_0/outer_0/cnmf_tmp/outer_0.spectra.k_4.dt_2_0.consensus.df.npz
000-full_training_pool-base_identifiable_SMOKE_r0-outer_0-k4-8fa55d0149e2	000	full_training_pool	base_identifiable_SMOKE_r0	donor_007	donor	outer_0	heldout_squared_prediction_error_v1	1	10.894066463015612	lower_is_better	all	per_donor	4		30	0	ok_provisional	results/exploratory/p0skel-000-smoke/outer_0/outer_0/cnmf_tmp/outer_0.spectra.k_4.dt_2_0.consensus.df.npz
000-full_training_pool-base_identifiable_SMOKE_r0-outer_0-k4-8fa55d0149e2	000	full_training_pool	base_identifiable_SMOKE_r0	ALL_TEST_DONORS	donor	outer_0	heldout_squared_prediction_error_v1	1	13.769139666264104	lower_is_better	all	equal_donor_mean	4		4	0	ok_provisional	results/exploratory/p0skel-000-smoke/outer_0/outer_0/cnmf_tmp/outer_0.spectra.k_4.dt_2_0.consensus.df.npz
000-full_training_pool-base_identifiable_SMOKE_r0-outer_0-k4-8fa55d0149e2	000	full_training_pool	base_identifiable_SMOKE_r0	donor_001	donor	outer_0	heldout_squared_prediction_error_counts_v1	1	1438.252601176694	lower_is_better	all	per_donor	4		30	0	ok_provisional	results/exploratory/p0skel-000-smoke/outer_0/outer_0/cnmf_tmp/outer_0.spectra.k_4.dt_2_0.consensus.df.npz
000-full_training_pool-base_identifiable_SMOKE_r0-outer_0-k4-8fa55d0149e2	000	full_training_pool	base_identifiable_SMOKE_r0	donor_002	donor	outer_0	heldout_squared_prediction_error_counts_v1	1	2329.7301626785793	lower_is_better	all	per_donor	4		30	0	ok_provisional	results/exploratory/p0skel-000-smoke/outer_0/outer_0/cnmf_tmp/outer_0.spectra.k_4.dt_2_0.consensus.df.npz
000-full_training_pool-base_identifiable_SMOKE_r0-outer_0-k4-8fa55d0149e2	000	full_training_pool	base_identifiable_SMOKE_r0	donor_003	donor	outer_0	heldout_squared_prediction_error_counts_v1	1	1432.9062370885922	lower_is_better	all	per_donor	4		30	0	ok_provisional	results/exploratory/p0skel-000-smoke/outer_0/outer_0/cnmf_tmp/outer_0.spectra.k_4.dt_2_0.consensus.df.npz
000-full_training_pool-base_identifiable_SMOKE_r0-outer_0-k4-8fa55d0149e2	000	full_training_pool	base_identifiable_SMOKE_r0	donor_007	donor	outer_0	heldout_squared_prediction_error_counts_v1	1	1221.2065103089199	lower_is_better	all	per_donor	4		30	0	ok_provisional	results/exploratory/p0skel-000-smoke/outer_0/outer_0/cnmf_tmp/outer_0.spectra.k_4.dt_2_0.consensus.df.npz
000-full_training_pool-base_identifiable_SMOKE_r0-outer_0-k4-8fa55d0149e2	000	full_training_pool	base_identifiable_SMOKE_r0	ALL_TEST_DONORS	donor	outer_0	heldout_squared_prediction_error_counts_v1	1	1605.5238778131963	lower_is_better	all	equal_donor_mean	4		4	0	ok_provisional	results/exploratory/p0skel-000-smoke/outer_0/outer_0/cnmf_tmp/outer_0.spectra.k_4.dt_2_0.consensus.df.npz
000-full_training_pool-base_identifiable_SMOKE_r0-outer_0-k4-8fa55d0149e2	000	full_training_pool	base_identifiable_SMOKE_r0	donor_001	donor	outer_0	null_squared_prediction_error_v1	1	19.070817145650164	lower_is_better	all	per_donor	4		30	0	ok_provisional	results/exploratory/p0skel-000-smoke/outer_0/outer_0/cnmf_tmp/outer_0.spectra.k_4.dt_2_0.consensus.df.npz
000-full_training_pool-base_identifiable_SMOKE_r0-outer_0-k4-8fa55d0149e2	000	full_training_pool	base_identifiable_SMOKE_r0	donor_002	donor	outer_0	null_squared_prediction_error_v1	1	118.16519227776028	lower_is_better	all	per_donor	4		30	0	ok_provisional	results/exploratory/p0skel-000-smoke/outer_0/outer_0/cnmf_tmp/outer_0.spectra.k_4.dt_2_0.consensus.df.npz
000-full_training_pool-base_identifiable_SMOKE_r0-outer_0-k4-8fa55d0149e2	000	full_training_pool	base_identifiable_SMOKE_r0	donor_003	donor	outer_0	null_squared_prediction_error_v1	1	16.331657624503862	lower_is_better	all	per_donor	4		30	0	ok_provisional	results/exploratory/p0skel-000-smoke/outer_0/outer_0/cnmf_tmp/outer_0.spectra.k_4.dt_2_0.consensus.df.npz
000-full_training_pool-base_identifiable_SMOKE_r0-outer_0-k4-8fa55d0149e2	000	full_training_pool	base_identifiable_SMOKE_r0	donor_007	donor	outer_0	null_squared_prediction_error_v1	1	42.584469731927896	lower_is_better	all	per_donor	4		30	0	ok_provisional	results/exploratory/p0skel-000-smoke/outer_0/outer_0/cnmf_tmp/outer_0.spectra.k_4.dt_2_0.consensus.df.npz
000-full_training_pool-base_identifiable_SMOKE_r0-outer_0-k4-8fa55d0149e2	000	full_training_pool	base_identifiable_SMOKE_r0	ALL_TEST_DONORS	donor	outer_0	null_squared_prediction_error_v1	1	49.03803419496055	lower_is_better	all	equal_donor_mean	4		4	0	ok_provisional	results/exploratory/p0skel-000-smoke/outer_0/outer_0/cnmf_tmp/outer_0.spectra.k_4.dt_2_0.consensus.df.npz
000-full_training_pool-base_identifiable_SMOKE_r0-outer_0-k4-8fa55d0149e2	000	full_training_pool	base_identifiable_SMOKE_r0	000-full_training_pool-base_identifiable_SMOKE_r0-outer_0-k4-8fa55d0149e2	experiment	outer_0	wall_seconds_v1	1	0.1351740169338882	lower_is_better	all	experiment	4		1	0	ok_provisional	results/exploratory/p0skel-000-smoke/outer_0/outer_0/cnmf_tmp/outer_0.spectra.k_4.dt_2_0.consensus.df.npz
000-full_training_pool-base_identifiable_SMOKE_r0-outer_0-k4-8fa55d0149e2	000	full_training_pool	base_identifiable_SMOKE_r0	000-full_training_pool-base_identifiable_SMOKE_r0-outer_0-k4-8fa55d0149e2	experiment	outer_0	cpu_seconds_v1	1	0.08490418500000008	lower_is_better	all	experiment	4		1	0	ok_provisional	results/exploratory/p0skel-000-smoke/outer_0/outer_0/cnmf_tmp/outer_0.spectra.k_4.dt_2_0.consensus.df.npz
000-full_training_pool-base_identifiable_SMOKE_r0-outer_0-k4-8fa55d0149e2	000	full_training_pool	base_identifiable_SMOKE_r0	000-full_training_pool-base_identifiable_SMOKE_r0-outer_0-k4-8fa55d0149e2	experiment	outer_0	peak_memory_mb_v1	1	260.49609375	lower_is_better	all	experiment	4		1	0	ok_provisional	results/exploratory/p0skel-000-smoke/outer_0/outer_0/cnmf_tmp/outer_0.spectra.k_4.dt_2_0.consensus.df.npz
000-full_training_pool-base_identifiable_SMOKE_r0-outer_0-k4-8fa55d0149e2	000	full_training_pool	base_identifiable_SMOKE_r0	000-full_training_pool-base_identifiable_SMOKE_r0-outer_0-k4-8fa55d0149e2	experiment	outer_0	failed_fits_v1	1	0	lower_is_better	all	experiment	4		1	0	ok_provisional	results/exploratory/p0skel-000-smoke/outer_0/outer_0/cnmf_tmp/outer_0.spectra.k_4.dt_2_0.consensus.df.npz
000-full_training_pool-base_identifiable_SMOKE_r0-outer_1-fit-ec118ea3fa89	000	full_training_pool	base_identifiable_SMOKE_r0	000-full_training_pool-base_identifiable_SMOKE_r0-outer_1-fit-ec118ea3fa89	experiment	outer_1	wall_seconds_v1	1	0.4707494853064418	lower_is_better	all	experiment			1	0	ok_provisional	results/exploratory/p0skel-000-smoke/outer_1
000-full_training_pool-base_identifiable_SMOKE_r0-outer_1-fit-ec118ea3fa89	000	full_training_pool	base_identifiable_SMOKE_r0	000-full_training_pool-base_identifiable_SMOKE_r0-outer_1-fit-ec118ea3fa89	experiment	outer_1	cpu_seconds_v1	1	0.3277204039999999	lower_is_better	all	experiment			1	0	ok_provisional	results/exploratory/p0skel-000-smoke/outer_1
000-full_training_pool-base_identifiable_SMOKE_r0-outer_1-fit-ec118ea3fa89	000	full_training_pool	base_identifiable_SMOKE_r0	000-full_training_pool-base_identifiable_SMOKE_r0-outer_1-fit-ec118ea3fa89	experiment	outer_1	peak_memory_mb_v1	1	260.66015625	lower_is_better	all	experiment			1	0	ok_provisional	results/exploratory/p0skel-000-smoke/outer_1
000-full_training_pool-base_identifiable_SMOKE_r0-outer_1-fit-ec118ea3fa89	000	full_training_pool	base_identifiable_SMOKE_r0	000-full_training_pool-base_identifiable_SMOKE_r0-outer_1-fit-ec118ea3fa89	experiment	outer_1	failed_fits_v1	1	0	lower_is_better	all	experiment			1	0	ok_provisional	results/exploratory/p0skel-000-smoke/outer_1
000-full_training_pool-base_identifiable_SMOKE_r0-outer_1-k2-717073cc6883	000	full_training_pool	base_identifiable_SMOKE_r0	donor_000	donor	outer_1	heldout_squared_prediction_error_v1	1	14.782796956765504	lower_is_better	all	per_donor	2		30	0	ok_provisional	results/exploratory/p0skel-000-smoke/outer_1/outer_1/cnmf_tmp/outer_1.spectra.k_2.dt_2_0.consensus.df.npz
000-full_training_pool-base_identifiable_SMOKE_r0-outer_1-k2-717073cc6883	000	full_training_pool	base_identifiable_SMOKE_r0	donor_004	donor	outer_1	heldout_squared_prediction_error_v1	1	9.042650738334894	lower_is_better	all	per_donor	2		30	0	ok_provisional	results/exploratory/p0skel-000-smoke/outer_1/outer_1/cnmf_tmp/outer_1.spectra.k_2.dt_2_0.consensus.df.npz
000-full_training_pool-base_identifiable_SMOKE_r0-outer_1-k2-717073cc6883	000	full_training_pool	base_identifiable_SMOKE_r0	donor_005	donor	outer_1	heldout_squared_prediction_error_v1	1	14.780535208107842	lower_is_better	all	per_donor	2		30	0	ok_provisional	results/exploratory/p0skel-000-smoke/outer_1/outer_1/cnmf_tmp/outer_1.spectra.k_2.dt_2_0.consensus.df.npz
000-full_training_pool-base_identifiable_SMOKE_r0-outer_1-k2-717073cc6883	000	full_training_pool	base_identifiable_SMOKE_r0	donor_006	donor	outer_1	heldout_squared_prediction_error_v1	1	19.06669586477758	lower_is_better	all	per_donor	2		30	0	ok_provisional	results/exploratory/p0skel-000-smoke/outer_1/outer_1/cnmf_tmp/outer_1.spectra.k_2.dt_2_0.consensus.df.npz
000-full_training_pool-base_identifiable_SMOKE_r0-outer_1-k2-717073cc6883	000	full_training_pool	base_identifiable_SMOKE_r0	ALL_TEST_DONORS	donor	outer_1	heldout_squared_prediction_error_v1	1	14.418169691996455	lower_is_better	all	equal_donor_mean	2		4	0	ok_provisional	results/exploratory/p0skel-000-smoke/outer_1/outer_1/cnmf_tmp/outer_1.spectra.k_2.dt_2_0.consensus.df.npz
000-full_training_pool-base_identifiable_SMOKE_r0-outer_1-k2-717073cc6883	000	full_training_pool	base_identifiable_SMOKE_r0	donor_000	donor	outer_1	heldout_squared_prediction_error_counts_v1	1	1943.9179445177879	lower_is_better	all	per_donor	2		30	0	ok_provisional	results/exploratory/p0skel-000-smoke/outer_1/outer_1/cnmf_tmp/outer_1.spectra.k_2.dt_2_0.consensus.df.npz
000-full_training_pool-base_identifiable_SMOKE_r0-outer_1-k2-717073cc6883	000	full_training_pool	base_identifiable_SMOKE_r0	donor_004	donor	outer_1	heldout_squared_prediction_error_counts_v1	1	1414.0498431896842	lower_is_better	all	per_donor	2		30	0	ok_provisional	results/exploratory/p0skel-000-smoke/outer_1/outer_1/cnmf_tmp/outer_1.spectra.k_2.dt_2_0.consensus.df.npz
000-full_training_pool-base_identifiable_SMOKE_r0-outer_1-k2-717073cc6883	000	full_training_pool	base_identifiable_SMOKE_r0	donor_005	donor	outer_1	heldout_squared_prediction_error_counts_v1	1	2617.6124546727215	lower_is_better	all	per_donor	2		30	0	ok_provisional	results/exploratory/p0skel-000-smoke/outer_1/outer_1/cnmf_tmp/outer_1.spectra.k_2.dt_2_0.consensus.df.npz
000-full_training_pool-base_identifiable_SMOKE_r0-outer_1-k2-717073cc6883	000	full_training_pool	base_identifiable_SMOKE_r0	donor_006	donor	outer_1	heldout_squared_prediction_error_counts_v1	1	2619.87557662603	lower_is_better	all	per_donor	2		30	0	ok_provisional	results/exploratory/p0skel-000-smoke/outer_1/outer_1/cnmf_tmp/outer_1.spectra.k_2.dt_2_0.consensus.df.npz
000-full_training_pool-base_identifiable_SMOKE_r0-outer_1-k2-717073cc6883	000	full_training_pool	base_identifiable_SMOKE_r0	ALL_TEST_DONORS	donor	outer_1	heldout_squared_prediction_error_counts_v1	1	2148.863954751556	lower_is_better	all	equal_donor_mean	2		4	0	ok_provisional	results/exploratory/p0skel-000-smoke/outer_1/outer_1/cnmf_tmp/outer_1.spectra.k_2.dt_2_0.consensus.df.npz
000-full_training_pool-base_identifiable_SMOKE_r0-outer_1-k2-717073cc6883	000	full_training_pool	base_identifiable_SMOKE_r0	donor_000	donor	outer_1	null_squared_prediction_error_v1	1	21.509201827599647	lower_is_better	all	per_donor	2		30	0	ok_provisional	results/exploratory/p0skel-000-smoke/outer_1/outer_1/cnmf_tmp/outer_1.spectra.k_2.dt_2_0.consensus.df.npz
000-full_training_pool-base_identifiable_SMOKE_r0-outer_1-k2-717073cc6883	000	full_training_pool	base_identifiable_SMOKE_r0	donor_004	donor	outer_1	null_squared_prediction_error_v1	1	24.44746780028911	lower_is_better	all	per_donor	2		30	0	ok_provisional	results/exploratory/p0skel-000-smoke/outer_1/outer_1/cnmf_tmp/outer_1.spectra.k_2.dt_2_0.consensus.df.npz
000-full_training_pool-base_identifiable_SMOKE_r0-outer_1-k2-717073cc6883	000	full_training_pool	base_identifiable_SMOKE_r0	donor_005	donor	outer_1	null_squared_prediction_error_v1	1	20.46411003958642	lower_is_better	all	per_donor	2		30	0	ok_provisional	results/exploratory/p0skel-000-smoke/outer_1/outer_1/cnmf_tmp/outer_1.spectra.k_2.dt_2_0.consensus.df.npz
000-full_training_pool-base_identifiable_SMOKE_r0-outer_1-k2-717073cc6883	000	full_training_pool	base_identifiable_SMOKE_r0	donor_006	donor	outer_1	null_squared_prediction_error_v1	1	30.45760137652552	lower_is_better	all	per_donor	2		30	0	ok_provisional	results/exploratory/p0skel-000-smoke/outer_1/outer_1/cnmf_tmp/outer_1.spectra.k_2.dt_2_0.consensus.df.npz
000-full_training_pool-base_identifiable_SMOKE_r0-outer_1-k2-717073cc6883	000	full_training_pool	base_identifiable_SMOKE_r0	ALL_TEST_DONORS	donor	outer_1	null_squared_prediction_error_v1	1	24.219595261000173	lower_is_better	all	equal_donor_mean	2		4	0	ok_provisional	results/exploratory/p0skel-000-smoke/outer_1/outer_1/cnmf_tmp/outer_1.spectra.k_2.dt_2_0.consensus.df.npz
000-full_training_pool-base_identifiable_SMOKE_r0-outer_1-k2-717073cc6883	000	full_training_pool	base_identifiable_SMOKE_r0	000-full_training_pool-base_identifiable_SMOKE_r0-outer_1-k2-717073cc6883	experiment	outer_1	wall_seconds_v1	1	0.12637232663109899	lower_is_better	all	experiment	2		1	0	ok_provisional	results/exploratory/p0skel-000-smoke/outer_1/outer_1/cnmf_tmp/outer_1.spectra.k_2.dt_2_0.consensus.df.npz
000-full_training_pool-base_identifiable_SMOKE_r0-outer_1-k2-717073cc6883	000	full_training_pool	base_identifiable_SMOKE_r0	000-full_training_pool-base_identifiable_SMOKE_r0-outer_1-k2-717073cc6883	experiment	outer_1	cpu_seconds_v1	1	0.07349606799999986	lower_is_better	all	experiment	2		1	0	ok_provisional	results/exploratory/p0skel-000-smoke/outer_1/outer_1/cnmf_tmp/outer_1.spectra.k_2.dt_2_0.consensus.df.npz
000-full_training_pool-base_identifiable_SMOKE_r0-outer_1-k2-717073cc6883	000	full_training_pool	base_identifiable_SMOKE_r0	000-full_training_pool-base_identifiable_SMOKE_r0-outer_1-k2-717073cc6883	experiment	outer_1	peak_memory_mb_v1	1	260.66015625	lower_is_better	all	experiment	2		1	0	ok_provisional	results/exploratory/p0skel-000-smoke/outer_1/outer_1/cnmf_tmp/outer_1.spectra.k_2.dt_2_0.consensus.df.npz
000-full_training_pool-base_identifiable_SMOKE_r0-outer_1-k2-717073cc6883	000	full_training_pool	base_identifiable_SMOKE_r0	000-full_training_pool-base_identifiable_SMOKE_r0-outer_1-k2-717073cc6883	experiment	outer_1	failed_fits_v1	1	0	lower_is_better	all	experiment	2		1	0	ok_provisional	results/exploratory/p0skel-000-smoke/outer_1/outer_1/cnmf_tmp/outer_1.spectra.k_2.dt_2_0.consensus.df.npz
000-full_training_pool-base_identifiable_SMOKE_r0-outer_1-k3-d1ec03169702	000	full_training_pool	base_identifiable_SMOKE_r0	donor_000	donor	outer_1	heldout_squared_prediction_error_v1	1	13.146837039543836	lower_is_better	all	per_donor	3		30	0	ok_provisional	results/exploratory/p0skel-000-smoke/outer_1/outer_1/cnmf_tmp/outer_1.spectra.k_3.dt_2_0.consensus.df.npz
000-full_training_pool-base_identifiable_SMOKE_r0-outer_1-k3-d1ec03169702	000	full_training_pool	base_identifiable_SMOKE_r0	donor_004	donor	outer_1	heldout_squared_prediction_error_v1	1	8.163276774424933	lower_is_better	all	per_donor	3		30	0	ok_provisional	results/exploratory/p0skel-000-smoke/outer_1/outer_1/cnmf_tmp/outer_1.spectra.k_3.dt_2_0.consensus.df.npz
000-full_training_pool-base_identifiable_SMOKE_r0-outer_1-k3-d1ec03169702	000	full_training_pool	base_identifiable_SMOKE_r0	donor_005	donor	outer_1	heldout_squared_prediction_error_v1	1	12.95119913976997	lower_is_better	all	per_donor	3		30	0	ok_provisional	results/exploratory/p0skel-000-smoke/outer_1/outer_1/cnmf_tmp/outer_1.spectra.k_3.dt_2_0.consensus.df.npz
000-full_training_pool-base_identifiable_SMOKE_r0-outer_1-k3-d1ec03169702	000	full_training_pool	base_identifiable_SMOKE_r0	donor_006	donor	outer_1	heldout_squared_prediction_error_v1	1	17.00142570378144	lower_is_better	all	per_donor	3		30	0	ok_provisional	results/exploratory/p0skel-000-smoke/outer_1/outer_1/cnmf_tmp/outer_1.spectra.k_3.dt_2_0.consensus.df.npz
000-full_training_pool-base_identifiable_SMOKE_r0-outer_1-k3-d1ec03169702	000	full_training_pool	base_identifiable_SMOKE_r0	ALL_TEST_DONORS	donor	outer_1	heldout_squared_prediction_error_v1	1	12.815684664380044	lower_is_better	all	equal_donor_mean	3		4	0	ok_provisional	results/exploratory/p0skel-000-smoke/outer_1/outer_1/cnmf_tmp/outer_1.spectra.k_3.dt_2_0.consensus.df.npz
000-full_training_pool-base_identifiable_SMOKE_r0-outer_1-k3-d1ec03169702	000	full_training_pool	base_identifiable_SMOKE_r0	donor_000	donor	outer_1	heldout_squared_prediction_error_counts_v1	1	1390.0802345032641	lower_is_better	all	per_donor	3		30	0	ok_provisional	results/exploratory/p0skel-000-smoke/outer_1/outer_1/cnmf_tmp/outer_1.spectra.k_3.dt_2_0.consensus.df.npz
000-full_training_pool-base_identifiable_SMOKE_r0-outer_1-k3-d1ec03169702	000	full_training_pool	base_identifiable_SMOKE_r0	donor_004	donor	outer_1	heldout_squared_prediction_error_counts_v1	1	1052.5815645565492	lower_is_better	all	per_donor	3		30	0	ok_provisional	results/exploratory/p0skel-000-smoke/outer_1/outer_1/cnmf_tmp/outer_1.spectra.k_3.dt_2_0.consensus.df.npz
000-full_training_pool-base_identifiable_SMOKE_r0-outer_1-k3-d1ec03169702	000	full_training_pool	base_identifiable_SMOKE_r0	donor_005	donor	outer_1	heldout_squared_prediction_error_counts_v1	1	1624.0373752753153	lower_is_better	all	per_donor	3		30	0	ok_provisional	results/exploratory/p0skel-000-smoke/outer_1/outer_1/cnmf_tmp/outer_1.spectra.k_3.dt_2_0.consensus.df.npz
000-full_training_pool-base_identifiable_SMOKE_r0-outer_1-k3-d1ec03169702	000	full_training_pool	base_identifiable_SMOKE_r0	donor_006	donor	outer_1	heldout_squared_prediction_error_counts_v1	1	1743.8747182275708	lower_is_better	all	per_donor	3		30	0	ok_provisional	results/exploratory/p0skel-000-smoke/outer_1/outer_1/cnmf_tmp/outer_1.spectra.k_3.dt_2_0.consensus.df.npz
000-full_training_pool-base_identifiable_SMOKE_r0-outer_1-k3-d1ec03169702	000	full_training_pool	base_identifiable_SMOKE_r0	ALL_TEST_DONORS	donor	outer_1	heldout_squared_prediction_error_counts_v1	1	1452.6434731406748	lower_is_better	all	equal_donor_mean	3		4	0	ok_provisional	results/exploratory/p0skel-000-smoke/outer_1/outer_1/cnmf_tmp/outer_1.spectra.k_3.dt_2_0.consensus.df.npz
000-full_training_pool-base_identifiable_SMOKE_r0-outer_1-k3-d1ec03169702	000	full_training_pool	base_identifiable_SMOKE_r0	donor_000	donor	outer_1	null_squared_prediction_error_v1	1	21.509201827599647	lower_is_better	all	per_donor	3		30	0	ok_provisional	results/exploratory/p0skel-000-smoke/outer_1/outer_1/cnmf_tmp/outer_1.spectra.k_3.dt_2_0.consensus.df.npz
000-full_training_pool-base_identifiable_SMOKE_r0-outer_1-k3-d1ec03169702	000	full_training_pool	base_identifiable_SMOKE_r0	donor_004	donor	outer_1	null_squared_prediction_error_v1	1	24.44746780028911	lower_is_better	all	per_donor	3		30	0	ok_provisional	results/exploratory/p0skel-000-smoke/outer_1/outer_1/cnmf_tmp/outer_1.spectra.k_3.dt_2_0.consensus.df.npz
000-full_training_pool-base_identifiable_SMOKE_r0-outer_1-k3-d1ec03169702	000	full_training_pool	base_identifiable_SMOKE_r0	donor_005	donor	outer_1	null_squared_prediction_error_v1	1	20.46411003958642	lower_is_better	all	per_donor	3		30	0	ok_provisional	results/exploratory/p0skel-000-smoke/outer_1/outer_1/cnmf_tmp/outer_1.spectra.k_3.dt_2_0.consensus.df.npz
000-full_training_pool-base_identifiable_SMOKE_r0-outer_1-k3-d1ec03169702	000	full_training_pool	base_identifiable_SMOKE_r0	donor_006	donor	outer_1	null_squared_prediction_error_v1	1	30.45760137652552	lower_is_better	all	per_donor	3		30	0	ok_provisional	results/exploratory/p0skel-000-smoke/outer_1/outer_1/cnmf_tmp/outer_1.spectra.k_3.dt_2_0.consensus.df.npz
000-full_training_pool-base_identifiable_SMOKE_r0-outer_1-k3-d1ec03169702	000	full_training_pool	base_identifiable_SMOKE_r0	ALL_TEST_DONORS	donor	outer_1	null_squared_prediction_error_v1	1	24.219595261000173	lower_is_better	all	equal_donor_mean	3		4	0	ok_provisional	results/exploratory/p0skel-000-smoke/outer_1/outer_1/cnmf_tmp/outer_1.spectra.k_3.dt_2_0.consensus.df.npz
000-full_training_pool-base_identifiable_SMOKE_r0-outer_1-k3-d1ec03169702	000	full_training_pool	base_identifiable_SMOKE_r0	000-full_training_pool-base_identifiable_SMOKE_r0-outer_1-k3-d1ec03169702	experiment	outer_1	wall_seconds_v1	1	0.1303786770440638	lower_is_better	all	experiment	3		1	0	ok_provisional	results/exploratory/p0skel-000-smoke/outer_1/outer_1/cnmf_tmp/outer_1.spectra.k_3.dt_2_0.consensus.df.npz
000-full_training_pool-base_identifiable_SMOKE_r0-outer_1-k3-d1ec03169702	000	full_training_pool	base_identifiable_SMOKE_r0	000-full_training_pool-base_identifiable_SMOKE_r0-outer_1-k3-d1ec03169702	experiment	outer_1	cpu_seconds_v1	1	0.07957746200000049	lower_is_better	all	experiment	3		1	0	ok_provisional	results/exploratory/p0skel-000-smoke/outer_1/outer_1/cnmf_tmp/outer_1.spectra.k_3.dt_2_0.consensus.df.npz
000-full_training_pool-base_identifiable_SMOKE_r0-outer_1-k3-d1ec03169702	000	full_training_pool	base_identifiable_SMOKE_r0	000-full_training_pool-base_identifiable_SMOKE_r0-outer_1-k3-d1ec03169702	experiment	outer_1	peak_memory_mb_v1	1	260.66015625	lower_is_better	all	experiment	3		1	0	ok_provisional	results/exploratory/p0skel-000-smoke/outer_1/outer_1/cnmf_tmp/outer_1.spectra.k_3.dt_2_0.consensus.df.npz
000-full_training_pool-base_identifiable_SMOKE_r0-outer_1-k3-d1ec03169702	000	full_training_pool	base_identifiable_SMOKE_r0	000-full_training_pool-base_identifiable_SMOKE_r0-outer_1-k3-d1ec03169702	experiment	outer_1	failed_fits_v1	1	0	lower_is_better	all	experiment	3		1	0	ok_provisional	results/exploratory/p0skel-000-smoke/outer_1/outer_1/cnmf_tmp/outer_1.spectra.k_3.dt_2_0.consensus.df.npz
000-full_training_pool-base_identifiable_SMOKE_r0-outer_1-k4-8e46b6c32534	000	full_training_pool	base_identifiable_SMOKE_r0	donor_000	donor	outer_1	heldout_squared_prediction_error_v1	1	13.845481346362059	lower_is_better	all	per_donor	4		30	0	ok_provisional	results/exploratory/p0skel-000-smoke/outer_1/outer_1/cnmf_tmp/outer_1.spectra.k_4.dt_2_0.consensus.df.npz
000-full_training_pool-base_identifiable_SMOKE_r0-outer_1-k4-8e46b6c32534	000	full_training_pool	base_identifiable_SMOKE_r0	donor_004	donor	outer_1	heldout_squared_prediction_error_v1	1	8.81432473852781	lower_is_better	all	per_donor	4		30	0	ok_provisional	results/exploratory/p0skel-000-smoke/outer_1/outer_1/cnmf_tmp/outer_1.spectra.k_4.dt_2_0.consensus.df.npz
000-full_training_pool-base_identifiable_SMOKE_r0-outer_1-k4-8e46b6c32534	000	full_training_pool	base_identifiable_SMOKE_r0	donor_005	donor	outer_1	heldout_squared_prediction_error_v1	1	13.60722771352774	lower_is_better	all	per_donor	4		30	0	ok_provisional	results/exploratory/p0skel-000-smoke/outer_1/outer_1/cnmf_tmp/outer_1.spectra.k_4.dt_2_0.consensus.df.npz
000-full_training_pool-base_identifiable_SMOKE_r0-outer_1-k4-8e46b6c32534	000	full_training_pool	base_identifiable_SMOKE_r0	donor_006	donor	outer_1	heldout_squared_prediction_error_v1	1	18.189375205065776	lower_is_better	all	per_donor	4		30	0	ok_provisional	results/exploratory/p0skel-000-smoke/outer_1/outer_1/cnmf_tmp/outer_1.spectra.k_4.dt_2_0.consensus.df.npz
000-full_training_pool-base_identifiable_SMOKE_r0-outer_1-k4-8e46b6c32534	000	full_training_pool	base_identifiable_SMOKE_r0	ALL_TEST_DONORS	donor	outer_1	heldout_squared_prediction_error_v1	1	13.614102250870847	lower_is_better	all	equal_donor_mean	4		4	0	ok_provisional	results/exploratory/p0skel-000-smoke/outer_1/outer_1/cnmf_tmp/outer_1.spectra.k_4.dt_2_0.consensus.df.npz
000-full_training_pool-base_identifiable_SMOKE_r0-outer_1-k4-8e46b6c32534	000	full_training_pool	base_identifiable_SMOKE_r0	donor_000	donor	outer_1	heldout_squared_prediction_error_counts_v1	1	1390.427170829742	lower_is_better	all	per_donor	4		30	0	ok_provisional	results/exploratory/p0skel-000-smoke/outer_1/outer_1/cnmf_tmp/outer_1.spectra.k_4.dt_2_0.consensus.df.npz
000-full_training_pool-base_identifiable_SMOKE_r0-outer_1-k4-8e46b6c32534	000	full_training_pool	base_identifiable_SMOKE_r0	donor_004	donor	outer_1	heldout_squared_prediction_error_counts_v1	1	1054.1991594628582	lower_is_better	all	per_donor	4		30	0	ok_provisional	results/exploratory/p0skel-000-smoke/outer_1/outer_1/cnmf_tmp/outer_1.spectra.k_4.dt_2_0.consensus.df.npz
000-full_training_pool-base_identifiable_SMOKE_r0-outer_1-k4-8e46b6c32534	000	full_training_pool	base_identifiable_SMOKE_r0	donor_005	donor	outer_1	heldout_squared_prediction_error_counts_v1	1	1668.035509284505	lower_is_better	all	per_donor	4		30	0	ok_provisional	results/exploratory/p0skel-000-smoke/outer_1/outer_1/cnmf_tmp/outer_1.spectra.k_4.dt_2_0.consensus.df.npz
000-full_training_pool-base_identifiable_SMOKE_r0-outer_1-k4-8e46b6c32534	000	full_training_pool	base_identifiable_SMOKE_r0	donor_006	donor	outer_1	heldout_squared_prediction_error_counts_v1	1	1853.1398322091386	lower_is_better	all	per_donor	4		30	0	ok_provisional	results/exploratory/p0skel-000-smoke/outer_1/outer_1/cnmf_tmp/outer_1.spectra.k_4.dt_2_0.consensus.df.npz
000-full_training_pool-base_identifiable_SMOKE_r0-outer_1-k4-8e46b6c32534	000	full_training_pool	base_identifiable_SMOKE_r0	ALL_TEST_DONORS	donor	outer_1	heldout_squared_prediction_error_counts_v1	1	1491.4504179465607	lower_is_better	all	equal_donor_mean	4		4	0	ok_provisional	results/exploratory/p0skel-000-smoke/outer_1/outer_1/cnmf_tmp/outer_1.spectra.k_4.dt_2_0.consensus.df.npz
000-full_training_pool-base_identifiable_SMOKE_r0-outer_1-k4-8e46b6c32534	000	full_training_pool	base_identifiable_SMOKE_r0	donor_000	donor	outer_1	null_squared_prediction_error_v1	1	21.509201827599647	lower_is_better	all	per_donor	4		30	0	ok_provisional	results/exploratory/p0skel-000-smoke/outer_1/outer_1/cnmf_tmp/outer_1.spectra.k_4.dt_2_0.consensus.df.npz
000-full_training_pool-base_identifiable_SMOKE_r0-outer_1-k4-8e46b6c32534	000	full_training_pool	base_identifiable_SMOKE_r0	donor_004	donor	outer_1	null_squared_prediction_error_v1	1	24.44746780028911	lower_is_better	all	per_donor	4		30	0	ok_provisional	results/exploratory/p0skel-000-smoke/outer_1/outer_1/cnmf_tmp/outer_1.spectra.k_4.dt_2_0.consensus.df.npz
000-full_training_pool-base_identifiable_SMOKE_r0-outer_1-k4-8e46b6c32534	000	full_training_pool	base_identifiable_SMOKE_r0	donor_005	donor	outer_1	null_squared_prediction_error_v1	1	20.46411003958642	lower_is_better	all	per_donor	4		30	0	ok_provisional	results/exploratory/p0skel-000-smoke/outer_1/outer_1/cnmf_tmp/outer_1.spectra.k_4.dt_2_0.consensus.df.npz
000-full_training_pool-base_identifiable_SMOKE_r0-outer_1-k4-8e46b6c32534	000	full_training_pool	base_identifiable_SMOKE_r0	donor_006	donor	outer_1	null_squared_prediction_error_v1	1	30.45760137652552	lower_is_better	all	per_donor	4		30	0	ok_provisional	results/exploratory/p0skel-000-smoke/outer_1/outer_1/cnmf_tmp/outer_1.spectra.k_4.dt_2_0.consensus.df.npz
000-full_training_pool-base_identifiable_SMOKE_r0-outer_1-k4-8e46b6c32534	000	full_training_pool	base_identifiable_SMOKE_r0	ALL_TEST_DONORS	donor	outer_1	null_squared_prediction_error_v1	1	24.219595261000173	lower_is_better	all	equal_donor_mean	4		4	0	ok_provisional	results/exploratory/p0skel-000-smoke/outer_1/outer_1/cnmf_tmp/outer_1.spectra.k_4.dt_2_0.consensus.df.npz
000-full_training_pool-base_identifiable_SMOKE_r0-outer_1-k4-8e46b6c32534	000	full_training_pool	base_identifiable_SMOKE_r0	000-full_training_pool-base_identifiable_SMOKE_r0-outer_1-k4-8e46b6c32534	experiment	outer_1	wall_seconds_v1	1	0.13552642706781626	lower_is_better	all	experiment	4		1	0	ok_provisional	results/exploratory/p0skel-000-smoke/outer_1/outer_1/cnmf_tmp/outer_1.spectra.k_4.dt_2_0.consensus.df.npz
000-full_training_pool-base_identifiable_SMOKE_r0-outer_1-k4-8e46b6c32534	000	full_training_pool	base_identifiable_SMOKE_r0	000-full_training_pool-base_identifiable_SMOKE_r0-outer_1-k4-8e46b6c32534	experiment	outer_1	cpu_seconds_v1	1	0.08534031599999992	lower_is_better	all	experiment	4		1	0	ok_provisional	results/exploratory/p0skel-000-smoke/outer_1/outer_1/cnmf_tmp/outer_1.spectra.k_4.dt_2_0.consensus.df.npz
000-full_training_pool-base_identifiable_SMOKE_r0-outer_1-k4-8e46b6c32534	000	full_training_pool	base_identifiable_SMOKE_r0	000-full_training_pool-base_identifiable_SMOKE_r0-outer_1-k4-8e46b6c32534	experiment	outer_1	peak_memory_mb_v1	1	260.66015625	lower_is_better	all	experiment	4		1	0	ok_provisional	results/exploratory/p0skel-000-smoke/outer_1/outer_1/cnmf_tmp/outer_1.spectra.k_4.dt_2_0.consensus.df.npz
000-full_training_pool-base_identifiable_SMOKE_r0-outer_1-k4-8e46b6c32534	000	full_training_pool	base_identifiable_SMOKE_r0	000-full_training_pool-base_identifiable_SMOKE_r0-outer_1-k4-8e46b6c32534	experiment	outer_1	failed_fits_v1	1	0	lower_is_better	all	experiment	4		1	0	ok_provisional	results/exploratory/p0skel-000-smoke/outer_1/outer_1/cnmf_tmp/outer_1.spectra.k_4.dt_2_0.consensus.df.npz
000-full_training_pool-base_identifiable_DEVELOPMENT_r0-outer_0-fit-d120edad18e8	000	full_training_pool	base_identifiable_DEVELOPMENT_r0	000-full_training_pool-base_identifiable_DEVELOPMENT_r0-outer_0-fit-d120edad18e8	experiment	outer_0	wall_seconds_v1	1	292.36241535656154	lower_is_better	all	experiment			1	0	ok_provisional	results/exploratory/p0-03-dev-feasibility/outer_0
000-full_training_pool-base_identifiable_DEVELOPMENT_r0-outer_0-fit-d120edad18e8	000	full_training_pool	base_identifiable_DEVELOPMENT_r0	000-full_training_pool-base_identifiable_DEVELOPMENT_r0-outer_0-fit-d120edad18e8	experiment	outer_0	cpu_seconds_v1	1	290.229347922	lower_is_better	all	experiment			1	0	ok_provisional	results/exploratory/p0-03-dev-feasibility/outer_0
000-full_training_pool-base_identifiable_DEVELOPMENT_r0-outer_0-fit-d120edad18e8	000	full_training_pool	base_identifiable_DEVELOPMENT_r0	000-full_training_pool-base_identifiable_DEVELOPMENT_r0-outer_0-fit-d120edad18e8	experiment	outer_0	peak_memory_mb_v1	1	646.30078125	lower_is_better	all	experiment			1	0	ok_provisional	results/exploratory/p0-03-dev-feasibility/outer_0
000-full_training_pool-base_identifiable_DEVELOPMENT_r0-outer_0-fit-d120edad18e8	000	full_training_pool	base_identifiable_DEVELOPMENT_r0	000-full_training_pool-base_identifiable_DEVELOPMENT_r0-outer_0-fit-d120edad18e8	experiment	outer_0	failed_fits_v1	1	0	lower_is_better	all	experiment			1	0	ok_provisional	results/exploratory/p0-03-dev-feasibility/outer_0
000-full_training_pool-base_identifiable_DEVELOPMENT_r0-outer_0-k4-d4e56fff1167	000	full_training_pool	base_identifiable_DEVELOPMENT_r0	donor_001	donor	outer_0	heldout_squared_prediction_error_v1	1	487.41504536745487	lower_is_better	all	per_donor	4		200	0	ok_provisional	results/exploratory/p0-03-dev-feasibility/outer_0/outer_0/cnmf_tmp/outer_0.spectra.k_4.dt_2_0.consensus.df.npz
000-full_training_pool-base_identifiable_DEVELOPMENT_r0-outer_0-k4-d4e56fff1167	000	full_training_pool	base_identifiable_DEVELOPMENT_r0	donor_002	donor	outer_0	heldout_squared_prediction_error_v1	1	468.42762926649505	lower_is_better	all	per_donor	4		200	0	ok_provisional	results/exploratory/p0-03-dev-feasibility/outer_0/outer_0/cnmf_tmp/outer_0.spectra.k_4.dt_2_0.consensus.df.npz
000-full_training_pool-base_identifiable_DEVELOPMENT_r0-outer_0-k4-d4e56fff1167	000	full_training_pool	base_identifiable_DEVELOPMENT_r0	donor_004	donor	outer_0	heldout_squared_prediction_error_v1	1	734.3896935053746	lower_is_better	all	per_donor	4		200	0	ok_provisional	results/exploratory/p0-03-dev-feasibility/outer_0/outer_0/cnmf_tmp/outer_0.spectra.k_4.dt_2_0.consensus.df.npz
000-full_training_pool-base_identifiable_DEVELOPMENT_r0-outer_0-k4-d4e56fff1167	000	full_training_pool	base_identifiable_DEVELOPMENT_r0	donor_008	donor	outer_0	heldout_squared_prediction_error_v1	1	396.0625777565648	lower_is_better	all	per_donor	4		200	0	ok_provisional	results/exploratory/p0-03-dev-feasibility/outer_0/outer_0/cnmf_tmp/outer_0.spectra.k_4.dt_2_0.consensus.df.npz
000-full_training_pool-base_identifiable_DEVELOPMENT_r0-outer_0-k4-d4e56fff1167	000	full_training_pool	base_identifiable_DEVELOPMENT_r0	donor_012	donor	outer_0	heldout_squared_prediction_error_v1	1	402.4157879860344	lower_is_better	all	per_donor	4		200	0	ok_provisional	results/exploratory/p0-03-dev-feasibility/outer_0/outer_0/cnmf_tmp/outer_0.spectra.k_4.dt_2_0.consensus.df.npz
000-full_training_pool-base_identifiable_DEVELOPMENT_r0-outer_0-k4-d4e56fff1167	000	full_training_pool	base_identifiable_DEVELOPMENT_r0	donor_014	donor	outer_0	heldout_squared_prediction_error_v1	1	376.2014743604754	lower_is_better	all	per_donor	4		200	0	ok_provisional	results/exploratory/p0-03-dev-feasibility/outer_0/outer_0/cnmf_tmp/outer_0.spectra.k_4.dt_2_0.consensus.df.npz
000-full_training_pool-base_identifiable_DEVELOPMENT_r0-outer_0-k4-d4e56fff1167	000	full_training_pool	base_identifiable_DEVELOPMENT_r0	donor_016	donor	outer_0	heldout_squared_prediction_error_v1	1	415.7564798815838	lower_is_better	all	per_donor	4		200	0	ok_provisional	results/exploratory/p0-03-dev-feasibility/outer_0/outer_0/cnmf_tmp/outer_0.spectra.k_4.dt_2_0.consensus.df.npz
000-full_training_pool-base_identifiable_DEVELOPMENT_r0-outer_0-k4-d4e56fff1167	000	full_training_pool	base_identifiable_DEVELOPMENT_r0	donor_018	donor	outer_0	heldout_squared_prediction_error_v1	1	404.2597178721073	lower_is_better	all	per_donor	4		200	0	ok_provisional	results/exploratory/p0-03-dev-feasibility/outer_0/outer_0/cnmf_tmp/outer_0.spectra.k_4.dt_2_0.consensus.df.npz
000-full_training_pool-base_identifiable_DEVELOPMENT_r0-outer_0-k4-d4e56fff1167	000	full_training_pool	base_identifiable_DEVELOPMENT_r0	donor_019	donor	outer_0	heldout_squared_prediction_error_v1	1	536.9892718143252	lower_is_better	all	per_donor	4		200	0	ok_provisional	results/exploratory/p0-03-dev-feasibility/outer_0/outer_0/cnmf_tmp/outer_0.spectra.k_4.dt_2_0.consensus.df.npz
000-full_training_pool-base_identifiable_DEVELOPMENT_r0-outer_0-k4-d4e56fff1167	000	full_training_pool	base_identifiable_DEVELOPMENT_r0	donor_020	donor	outer_0	heldout_squared_prediction_error_v1	1	448.19918338047796	lower_is_better	all	per_donor	4		200	0	ok_provisional	results/exploratory/p0-03-dev-feasibility/outer_0/outer_0/cnmf_tmp/outer_0.spectra.k_4.dt_2_0.consensus.df.npz
000-full_training_pool-base_identifiable_DEVELOPMENT_r0-outer_0-k4-d4e56fff1167	000	full_training_pool	base_identifiable_DEVELOPMENT_r0	donor_021	donor	outer_0	heldout_squared_prediction_error_v1	1	495.08940002961083	lower_is_better	all	per_donor	4		200	0	ok_provisional	results/exploratory/p0-03-dev-feasibility/outer_0/outer_0/cnmf_tmp/outer_0.spectra.k_4.dt_2_0.consensus.df.npz
000-full_training_pool-base_identifiable_DEVELOPMENT_r0-outer_0-k4-d4e56fff1167	000	full_training_pool	base_identifiable_DEVELOPMENT_r0	donor_023	donor	outer_0	heldout_squared_prediction_error_v1	1	407.45789141173606	lower_is_better	all	per_donor	4		200	0	ok_provisional	results/exploratory/p0-03-dev-feasibility/outer_0/outer_0/cnmf_tmp/outer_0.spectra.k_4.dt_2_0.consensus.df.npz
000-full_training_pool-base_identifiable_DEVELOPMENT_r0-outer_0-k4-d4e56fff1167	000	full_training_pool	base_identifiable_DEVELOPMENT_r0	ALL_TEST_DONORS	donor	outer_0	heldout_squared_prediction_error_v1	1	464.3886793860201	lower_is_better	all	equal_donor_mean	4		12	0	ok_provisional	results/exploratory/p0-03-dev-feasibility/outer_0/outer_0/cnmf_tmp/outer_0.spectra.k_4.dt_2_0.consensus.df.npz
000-full_training_pool-base_identifiable_DEVELOPMENT_r0-outer_0-k4-d4e56fff1167	000	full_training_pool	base_identifiable_DEVELOPMENT_r0	donor_001	donor	outer_0	heldout_squared_prediction_error_counts_v1	1	1695.094175432481	lower_is_better	all	per_donor	4		200	0	ok_provisional	results/exploratory/p0-03-dev-feasibility/outer_0/outer_0/cnmf_tmp/outer_0.spectra.k_4.dt_2_0.consensus.df.npz
000-full_training_pool-base_identifiable_DEVELOPMENT_r0-outer_0-k4-d4e56fff1167	000	full_training_pool	base_identifiable_DEVELOPMENT_r0	donor_002	donor	outer_0	heldout_squared_prediction_error_counts_v1	1	3232.754872339807	lower_is_better	all	per_donor	4		200	0	ok_provisional	results/exploratory/p0-03-dev-feasibility/outer_0/outer_0/cnmf_tmp/outer_0.spectra.k_4.dt_2_0.consensus.df.npz
000-full_training_pool-base_identifiable_DEVELOPMENT_r0-outer_0-k4-d4e56fff1167	000	full_training_pool	base_identifiable_DEVELOPMENT_r0	donor_004	donor	outer_0	heldout_squared_prediction_error_counts_v1	1	7298.046594042736	lower_is_better	all	per_donor	4		200	0	ok_provisional	results/exploratory/p0-03-dev-feasibility/outer_0/outer_0/cnmf_tmp/outer_0.spectra.k_4.dt_2_0.consensus.df.npz
000-full_training_pool-base_identifiable_DEVELOPMENT_r0-outer_0-k4-d4e56fff1167	000	full_training_pool	base_identifiable_DEVELOPMENT_r0	donor_008	donor	outer_0	heldout_squared_prediction_error_counts_v1	1	989.4346465889424	lower_is_better	all	per_donor	4		200	0	ok_provisional	results/exploratory/p0-03-dev-feasibility/outer_0/outer_0/cnmf_tmp/outer_0.spectra.k_4.dt_2_0.consensus.df.npz
000-full_training_pool-base_identifiable_DEVELOPMENT_r0-outer_0-k4-d4e56fff1167	000	full_training_pool	base_identifiable_DEVELOPMENT_r0	donor_012	donor	outer_0	heldout_squared_prediction_error_counts_v1	1	1650.9485856122278	lower_is_better	all	per_donor	4		200	0	ok_provisional	results/exploratory/p0-03-dev-feasibility/outer_0/outer_0/cnmf_tmp/outer_0.spectra.k_4.dt_2_0.consensus.df.npz
000-full_training_pool-base_identifiable_DEVELOPMENT_r0-outer_0-k4-d4e56fff1167	000	full_training_pool	base_identifiable_DEVELOPMENT_r0	donor_014	donor	outer_0	heldout_squared_prediction_error_counts_v1	1	957.3734691327741	lower_is_better	all	per_donor	4		200	0	ok_provisional	results/exploratory/p0-03-dev-feasibility/outer_0/outer_0/cnmf_tmp/outer_0.spectra.k_4.dt_2_0.consensus.df.npz
000-full_training_pool-base_identifiable_DEVELOPMENT_r0-outer_0-k4-d4e56fff1167	000	full_training_pool	base_identifiable_DEVELOPMENT_r0	donor_016	donor	outer_0	heldout_squared_prediction_error_counts_v1	1	1439.0719204389927	lower_is_better	all	per_donor	4		200	0	ok_provisional	results/exploratory/p0-03-dev-feasibility/outer_0/outer_0/cnmf_tmp/outer_0.spectra.k_4.dt_2_0.consensus.df.npz
000-full_training_pool-base_identifiable_DEVELOPMENT_r0-outer_0-k4-d4e56fff1167	000	full_training_pool	base_identifiable_DEVELOPMENT_r0	donor_018	donor	outer_0	heldout_squared_prediction_error_counts_v1	1	1652.924943149506	lower_is_better	all	per_donor	4		200	0	ok_provisional	results/exploratory/p0-03-dev-feasibility/outer_0/outer_0/cnmf_tmp/outer_0.spectra.k_4.dt_2_0.consensus.df.npz
000-full_training_pool-base_identifiable_DEVELOPMENT_r0-outer_0-k4-d4e56fff1167	000	full_training_pool	base_identifiable_DEVELOPMENT_r0	donor_019	donor	outer_0	heldout_squared_prediction_error_counts_v1	1	4047.8415041466824	lower_is_better	all	per_donor	4		200	0	ok_provisional	results/exploratory/p0-03-dev-feasibility/outer_0/outer_0/cnmf_tmp/outer_0.spectra.k_4.dt_2_0.consensus.df.npz
000-full_training_pool-base_identifiable_DEVELOPMENT_r0-outer_0-k4-d4e56fff1167	000	full_training_pool	base_identifiable_DEVELOPMENT_r0	donor_020	donor	outer_0	heldout_squared_prediction_error_counts_v1	1	1533.395787882554	lower_is_better	all	per_donor	4		200	0	ok_provisional	results/exploratory/p0-03-dev-feasibility/outer_0/outer_0/cnmf_tmp/outer_0.spectra.k_4.dt_2_0.consensus.df.npz
000-full_training_pool-base_identifiable_DEVELOPMENT_r0-outer_0-k4-d4e56fff1167	000	full_training_pool	base_identifiable_DEVELOPMENT_r0	donor_021	donor	outer_0	heldout_squared_prediction_error_counts_v1	1	1848.7309044715075	lower_is_better	all	per_donor	4		200	0	ok_provisional	results/exploratory/p0-03-dev-feasibility/outer_0/outer_0/cnmf_tmp/outer_0.spectra.k_4.dt_2_0.consensus.df.npz
000-full_training_pool-base_identifiable_DEVELOPMENT_r0-outer_0-k4-d4e56fff1167	000	full_training_pool	base_identifiable_DEVELOPMENT_r0	donor_023	donor	outer_0	heldout_squared_prediction_error_counts_v1	1	1033.8868975840933	lower_is_better	all	per_donor	4		200	0	ok_provisional	results/exploratory/p0-03-dev-feasibility/outer_0/outer_0/cnmf_tmp/outer_0.spectra.k_4.dt_2_0.consensus.df.npz
000-full_training_pool-base_identifiable_DEVELOPMENT_r0-outer_0-k4-d4e56fff1167	000	full_training_pool	base_identifiable_DEVELOPMENT_r0	ALL_TEST_DONORS	donor	outer_0	heldout_squared_prediction_error_counts_v1	1	2281.6253584018586	lower_is_better	all	equal_donor_mean	4		12	0	ok_provisional	results/exploratory/p0-03-dev-feasibility/outer_0/outer_0/cnmf_tmp/outer_0.spectra.k_4.dt_2_0.consensus.df.npz
000-full_training_pool-base_identifiable_DEVELOPMENT_r0-outer_0-k4-d4e56fff1167	000	full_training_pool	base_identifiable_DEVELOPMENT_r0	donor_001	donor	outer_0	null_squared_prediction_error_v1	1	622.6409367382499	lower_is_better	all	per_donor	4		200	0	ok_provisional	results/exploratory/p0-03-dev-feasibility/outer_0/outer_0/cnmf_tmp/outer_0.spectra.k_4.dt_2_0.consensus.df.npz
000-full_training_pool-base_identifiable_DEVELOPMENT_r0-outer_0-k4-d4e56fff1167	000	full_training_pool	base_identifiable_DEVELOPMENT_r0	donor_002	donor	outer_0	null_squared_prediction_error_v1	1	516.2926499159362	lower_is_better	all	per_donor	4		200	0	ok_provisional	results/exploratory/p0-03-dev-feasibility/outer_0/outer_0/cnmf_tmp/outer_0.spectra.k_4.dt_2_0.consensus.df.npz
000-full_training_pool-base_identifiable_DEVELOPMENT_r0-outer_0-k4-d4e56fff1167	000	full_training_pool	base_identifiable_DEVELOPMENT_r0	donor_004	donor	outer_0	null_squared_prediction_error_v1	1	836.92429835109	lower_is_better	all	per_donor	4		200	0	ok_provisional	results/exploratory/p0-03-dev-feasibility/outer_0/outer_0/cnmf_tmp/outer_0.spectra.k_4.dt_2_0.consensus.df.npz
000-full_training_pool-base_identifiable_DEVELOPMENT_r0-outer_0-k4-d4e56fff1167	000	full_training_pool	base_identifiable_DEVELOPMENT_r0	donor_008	donor	outer_0	null_squared_prediction_error_v1	1	427.4577046703842	lower_is_better	all	per_donor	4		200	0	ok_provisional	results/exploratory/p0-03-dev-feasibility/outer_0/outer_0/cnmf_tmp/outer_0.spectra.k_4.dt_2_0.consensus.df.npz
000-full_training_pool-base_identifiable_DEVELOPMENT_r0-outer_0-k4-d4e56fff1167	000	full_training_pool	base_identifiable_DEVELOPMENT_r0	donor_012	donor	outer_0	null_squared_prediction_error_v1	1	436.455301380511	lower_is_better	all	per_donor	4		200	0	ok_provisional	results/exploratory/p0-03-dev-feasibility/outer_0/outer_0/cnmf_tmp/outer_0.spectra.k_4.dt_2_0.consensus.df.npz
000-full_training_pool-base_identifiable_DEVELOPMENT_r0-outer_0-k4-d4e56fff1167	000	full_training_pool	base_identifiable_DEVELOPMENT_r0	donor_014	donor	outer_0	null_squared_prediction_error_v1	1	440.02485415475866	lower_is_better	all	per_donor	4		200	0	ok_provisional	results/exploratory/p0-03-dev-feasibility/outer_0/outer_0/cnmf_tmp/outer_0.spectra.k_4.dt_2_0.consensus.df.npz
000-full_training_pool-base_identifiable_DEVELOPMENT_r0-outer_0-k4-d4e56fff1167	000	full_training_pool	base_identifiable_DEVELOPMENT_r0	donor_016	donor	outer_0	null_squared_prediction_error_v1	1	519.3260620540896	lower_is_better	all	per_donor	4		200	0	ok_provisional	results/exploratory/p0-03-dev-feasibility/outer_0/outer_0/cnmf_tmp/outer_0.spectra.k_4.dt_2_0.consensus.df.npz
000-full_training_pool-base_identifiable_DEVELOPMENT_r0-outer_0-k4-d4e56fff1167	000	full_training_pool	base_identifiable_DEVELOPMENT_r0	donor_018	donor	outer_0	null_squared_prediction_error_v1	1	531.3040907407245	lower_is_better	all	per_donor	4		200	0	ok_provisional	results/exploratory/p0-03-dev-feasibility/outer_0/outer_0/cnmf_tmp/outer_0.spectra.k_4.dt_2_0.consensus.df.npz
000-full_training_pool-base_identifiable_DEVELOPMENT_r0-outer_0-k4-d4e56fff1167	000	full_training_pool	base_identifiable_DEVELOPMENT_r0	donor_019	donor	outer_0	null_squared_prediction_error_v1	1	619.9786411813187	lower_is_better	all	per_donor	4		200	0	ok_provisional	results/exploratory/p0-03-dev-feasibility/outer_0/outer_0/cnmf_tmp/outer_0.spectra.k_4.dt_2_0.consensus.df.npz
000-full_training_pool-base_identifiable_DEVELOPMENT_r0-outer_0-k4-d4e56fff1167	000	full_training_pool	base_identifiable_DEVELOPMENT_r0	donor_020	donor	outer_0	null_squared_prediction_error_v1	1	554.8156662073334	lower_is_better	all	per_donor	4		200	0	ok_provisional	results/exploratory/p0-03-dev-feasibility/outer_0/outer_0/cnmf_tmp/outer_0.spectra.k_4.dt_2_0.consensus.df.npz
000-full_training_pool-base_identifiable_DEVELOPMENT_r0-outer_0-k4-d4e56fff1167	000	full_training_pool	base_identifiable_DEVELOPMENT_r0	donor_021	donor	outer_0	null_squared_prediction_error_v1	1	617.3139838483819	lower_is_better	all	per_donor	4		200	0	ok_provisional	results/exploratory/p0-03-dev-feasibility/outer_0/outer_0/cnmf_tmp/outer_0.spectra.k_4.dt_2_0.consensus.df.npz
000-full_training_pool-base_identifiable_DEVELOPMENT_r0-outer_0-k4-d4e56fff1167	000	full_training_pool	base_identifiable_DEVELOPMENT_r0	donor_023	donor	outer_0	null_squared_prediction_error_v1	1	440.4275211257156	lower_is_better	all	per_donor	4		200	0	ok_provisional	results/exploratory/p0-03-dev-feasibility/outer_0/outer_0/cnmf_tmp/outer_0.spectra.k_4.dt_2_0.consensus.df.npz
000-full_training_pool-base_identifiable_DEVELOPMENT_r0-outer_0-k4-d4e56fff1167	000	full_training_pool	base_identifiable_DEVELOPMENT_r0	ALL_TEST_DONORS	donor	outer_0	null_squared_prediction_error_v1	1	546.9134758640411	lower_is_better	all	equal_donor_mean	4		12	0	ok_provisional	results/exploratory/p0-03-dev-feasibility/outer_0/outer_0/cnmf_tmp/outer_0.spectra.k_4.dt_2_0.consensus.df.npz
000-full_training_pool-base_identifiable_DEVELOPMENT_r0-outer_0-k4-d4e56fff1167	000	full_training_pool	base_identifiable_DEVELOPMENT_r0	000-full_training_pool-base_identifiable_DEVELOPMENT_r0-outer_0-k4-d4e56fff1167	experiment	outer_0	wall_seconds_v1	1	1.3135906890965998	lower_is_better	all	experiment	4		1	0	ok_provisional	results/exploratory/p0-03-dev-feasibility/outer_0/outer_0/cnmf_tmp/outer_0.spectra.k_4.dt_2_0.consensus.df.npz
000-full_training_pool-base_identifiable_DEVELOPMENT_r0-outer_0-k4-d4e56fff1167	000	full_training_pool	base_identifiable_DEVELOPMENT_r0	000-full_training_pool-base_identifiable_DEVELOPMENT_r0-outer_0-k4-d4e56fff1167	experiment	outer_0	cpu_seconds_v1	1	1.2334363040000085	lower_is_better	all	experiment	4		1	0	ok_provisional	results/exploratory/p0-03-dev-feasibility/outer_0/outer_0/cnmf_tmp/outer_0.spectra.k_4.dt_2_0.consensus.df.npz
000-full_training_pool-base_identifiable_DEVELOPMENT_r0-outer_0-k4-d4e56fff1167	000	full_training_pool	base_identifiable_DEVELOPMENT_r0	000-full_training_pool-base_identifiable_DEVELOPMENT_r0-outer_0-k4-d4e56fff1167	experiment	outer_0	peak_memory_mb_v1	1	646.30078125	lower_is_better	all	experiment	4		1	0	ok_provisional	results/exploratory/p0-03-dev-feasibility/outer_0/outer_0/cnmf_tmp/outer_0.spectra.k_4.dt_2_0.consensus.df.npz
000-full_training_pool-base_identifiable_DEVELOPMENT_r0-outer_0-k4-d4e56fff1167	000	full_training_pool	base_identifiable_DEVELOPMENT_r0	000-full_training_pool-base_identifiable_DEVELOPMENT_r0-outer_0-k4-d4e56fff1167	experiment	outer_0	failed_fits_v1	1	0	lower_is_better	all	experiment	4		1	0	ok_provisional	results/exploratory/p0-03-dev-feasibility/outer_0/outer_0/cnmf_tmp/outer_0.spectra.k_4.dt_2_0.consensus.df.npz
000-full_training_pool-base_identifiable_DEVELOPMENT_r0-outer_0-k5-d1b52a1c9d58	000	full_training_pool	base_identifiable_DEVELOPMENT_r0	donor_001	donor	outer_0	heldout_squared_prediction_error_v1	1	471.3836776058557	lower_is_better	all	per_donor	5		200	0	ok_provisional	results/exploratory/p0-03-dev-feasibility/outer_0/outer_0/cnmf_tmp/outer_0.spectra.k_5.dt_2_0.consensus.df.npz
000-full_training_pool-base_identifiable_DEVELOPMENT_r0-outer_0-k5-d1b52a1c9d58	000	full_training_pool	base_identifiable_DEVELOPMENT_r0	donor_002	donor	outer_0	heldout_squared_prediction_error_v1	1	387.5137658083568	lower_is_better	all	per_donor	5		200	0	ok_provisional	results/exploratory/p0-03-dev-feasibility/outer_0/outer_0/cnmf_tmp/outer_0.spectra.k_5.dt_2_0.consensus.df.npz
000-full_training_pool-base_identifiable_DEVELOPMENT_r0-outer_0-k5-d1b52a1c9d58	000	full_training_pool	base_identifiable_DEVELOPMENT_r0	donor_004	donor	outer_0	heldout_squared_prediction_error_v1	1	524.0708254283903	lower_is_better	all	per_donor	5		200	0	ok_provisional	results/exploratory/p0-03-dev-feasibility/outer_0/outer_0/cnmf_tmp/outer_0.spectra.k_5.dt_2_0.consensus.df.npz
000-full_training_pool-base_identifiable_DEVELOPMENT_r0-outer_0-k5-d1b52a1c9d58	000	full_training_pool	base_identifiable_DEVELOPMENT_r0	donor_008	donor	outer_0	heldout_squared_prediction_error_v1	1	396.2661505594378	lower_is_better	all	per_donor	5		200	0	ok_provisional	results/exploratory/p0-03-dev-feasibility/outer_0/outer_0/cnmf_tmp/outer_0.spectra.k_5.dt_2_0.consensus.df.npz
000-full_training_pool-base_identifiable_DEVELOPMENT_r0-outer_0-k5-d1b52a1c9d58	000	full_training_pool	base_identifiable_DEVELOPMENT_r0	donor_012	donor	outer_0	heldout_squared_prediction_error_v1	1	376.08117895176605	lower_is_better	all	per_donor	5		200	0	ok_provisional	results/exploratory/p0-03-dev-feasibility/outer_0/outer_0/cnmf_tmp/outer_0.spectra.k_5.dt_2_0.consensus.df.npz
000-full_training_pool-base_identifiable_DEVELOPMENT_r0-outer_0-k5-d1b52a1c9d58	000	full_training_pool	base_identifiable_DEVELOPMENT_r0	donor_014	donor	outer_0	heldout_squared_prediction_error_v1	1	376.3423342973823	lower_is_better	all	per_donor	5		200	0	ok_provisional	results/exploratory/p0-03-dev-feasibility/outer_0/outer_0/cnmf_tmp/outer_0.spectra.k_5.dt_2_0.consensus.df.npz
000-full_training_pool-base_identifiable_DEVELOPMENT_r0-outer_0-k5-d1b52a1c9d58	000	full_training_pool	base_identifiable_DEVELOPMENT_r0	donor_016	donor	outer_0	heldout_squared_prediction_error_v1	1	403.3760831153319	lower_is_better	all	per_donor	5		200	0	ok_provisional	results/exploratory/p0-03-dev-feasibility/outer_0/outer_0/cnmf_tmp/outer_0.spectra.k_5.dt_2_0.consensus.df.npz
000-full_training_pool-base_identifiable_DEVELOPMENT_r0-outer_0-k5-d1b52a1c9d58	000	full_training_pool	base_identifiable_DEVELOPMENT_r0	donor_018	donor	outer_0	heldout_squared_prediction_error_v1	1	373.40617673318803	lower_is_better	all	per_donor	5		200	0	ok_provisional	results/exploratory/p0-03-dev-feasibility/outer_0/outer_0/cnmf_tmp/outer_0.spectra.k_5.dt_2_0.consensus.df.npz
000-full_training_pool-base_identifiable_DEVELOPMENT_r0-outer_0-k5-d1b52a1c9d58	000	full_training_pool	base_identifiable_DEVELOPMENT_r0	donor_019	donor	outer_0	heldout_squared_prediction_error_v1	1	430.7636318833103	lower_is_better	all	per_donor	5		200	0	ok_provisional	results/exploratory/p0-03-dev-feasibility/outer_0/outer_0/cnmf_tmp/outer_0.spectra.k_5.dt_2_0.consensus.df.npz
000-full_training_pool-base_identifiable_DEVELOPMENT_r0-outer_0-k5-d1b52a1c9d58	000	full_training_pool	base_identifiable_DEVELOPMENT_r0	donor_020	donor	outer_0	heldout_squared_prediction_error_v1	1	430.0929080030577	lower_is_better	all	per_donor	5		200	0	ok_provisional	results/exploratory/p0-03-dev-feasibility/outer_0/outer_0/cnmf_tmp/outer_0.spectra.k_5.dt_2_0.consensus.df.npz
000-full_training_pool-base_identifiable_DEVELOPMENT_r0-outer_0-k5-d1b52a1c9d58	000	full_training_pool	base_identifiable_DEVELOPMENT_r0	donor_021	donor	outer_0	heldout_squared_prediction_error_v1	1	471.41205913006735	lower_is_better	all	per_donor	5		200	0	ok_provisional	results/exploratory/p0-03-dev-feasibility/outer_0/outer_0/cnmf_tmp/outer_0.spectra.k_5.dt_2_0.consensus.df.npz
000-full_training_pool-base_identifiable_DEVELOPMENT_r0-outer_0-k5-d1b52a1c9d58	000	full_training_pool	base_identifiable_DEVELOPMENT_r0	donor_023	donor	outer_0	heldout_squared_prediction_error_v1	1	407.8463832766707	lower_is_better	all	per_donor	5		200	0	ok_provisional	results/exploratory/p0-03-dev-feasibility/outer_0/outer_0/cnmf_tmp/outer_0.spectra.k_5.dt_2_0.consensus.df.npz
000-full_training_pool-base_identifiable_DEVELOPMENT_r0-outer_0-k5-d1b52a1c9d58	000	full_training_pool	base_identifiable_DEVELOPMENT_r0	ALL_TEST_DONORS	donor	outer_0	heldout_squared_prediction_error_v1	1	420.71293123273455	lower_is_better	all	equal_donor_mean	5		12	0	ok_provisional	results/exploratory/p0-03-dev-feasibility/outer_0/outer_0/cnmf_tmp/outer_0.spectra.k_5.dt_2_0.consensus.df.npz
000-full_training_pool-base_identifiable_DEVELOPMENT_r0-outer_0-k5-d1b52a1c9d58	000	full_training_pool	base_identifiable_DEVELOPMENT_r0	donor_001	donor	outer_0	heldout_squared_prediction_error_counts_v1	1	1230.443902703798	lower_is_better	all	per_donor	5		200	0	ok_provisional	results/exploratory/p0-03-dev-feasibility/outer_0/outer_0/cnmf_tmp/outer_0.spectra.k_5.dt_2_0.consensus.df.npz
000-full_training_pool-base_identifiable_DEVELOPMENT_r0-outer_0-k5-d1b52a1c9d58	000	full_training_pool	base_identifiable_DEVELOPMENT_r0	donor_002	donor	outer_0	heldout_squared_prediction_error_counts_v1	1	1026.722864999924	lower_is_better	all	per_donor	5		200	0	ok_provisional	results/exploratory/p0-03-dev-feasibility/outer_0/outer_0/cnmf_tmp/outer_0.spectra.k_5.dt_2_0.consensus.df.npz
000-full_training_pool-base_identifiable_DEVELOPMENT_r0-outer_0-k5-d1b52a1c9d58	000	full_training_pool	base_identifiable_DEVELOPMENT_r0	donor_004	donor	outer_0	heldout_squared_prediction_error_counts_v1	1	1405.4092156524355	lower_is_better	all	per_donor	5		200	0	ok_provisional	results/exploratory/p0-03-dev-feasibility/outer_0/outer_0/cnmf_tmp/outer_0.spectra.k_5.dt_2_0.consensus.df.npz
000-full_training_pool-base_identifiable_DEVELOPMENT_r0-outer_0-k5-d1b52a1c9d58	000	full_training_pool	base_identifiable_DEVELOPMENT_r0	donor_008	donor	outer_0	heldout_squared_prediction_error_counts_v1	1	999.9491636812749	lower_is_better	all	per_donor	5		200	0	ok_provisional	results/exploratory/p0-03-dev-feasibility/outer_0/outer_0/cnmf_tmp/outer_0.spectra.k_5.dt_2_0.consensus.df.npz
000-full_training_pool-base_identifiable_DEVELOPMENT_r0-outer_0-k5-d1b52a1c9d58	000	full_training_pool	base_identifiable_DEVELOPMENT_r0	donor_012	donor	outer_0	heldout_squared_prediction_error_counts_v1	1	943.144422574438	lower_is_better	all	per_donor	5		200	0	ok_provisional	results/exploratory/p0-03-dev-feasibility/outer_0/outer_0/cnmf_tmp/outer_0.spectra.k_5.dt_2_0.consensus.df.npz
000-full_training_pool-base_identifiable_DEVELOPMENT_r0-outer_0-k5-d1b52a1c9d58	000	full_training_pool	base_identifiable_DEVELOPMENT_r0	donor_014	donor	outer_0	heldout_squared_prediction_error_counts_v1	1	962.4726313943937	lower_is_better	all	per_donor	5		200	0	ok_provisional	results/exploratory/p0-03-dev-feasibility/outer_0/outer_0/cnmf_tmp/outer_0.spectra.k_5.dt_2_0.consensus.df.npz
000-full_training_pool-base_identifiable_DEVELOPMENT_r0-outer_0-k5-d1b52a1c9d58	000	full_training_pool	base_identifiable_DEVELOPMENT_r0	donor_016	donor	outer_0	heldout_squared_prediction_error_counts_v1	1	1069.81954667349	lower_is_better	all	per_donor	5		200	0	ok_provisional	results/exploratory/p0-03-dev-feasibility/outer_0/outer_0/cnmf_tmp/outer_0.spectra.k_5.dt_2_0.consensus.df.npz
000-full_training_pool-base_identifiable_DEVELOPMENT_r0-outer_0-k5-d1b52a1c9d58	000	full_training_pool	base_identifiable_DEVELOPMENT_r0	donor_018	donor	outer_0	heldout_squared_prediction_error_counts_v1	1	899.6491056303837	lower_is_better	all	per_donor	5		200	0	ok_provisional	results/exploratory/p0-03-dev-feasibility/outer_0/outer_0/cnmf_tmp/outer_0.spectra.k_5.dt_2_0.consensus.df.npz
000-full_training_pool-base_identifiable_DEVELOPMENT_r0-outer_0-k5-d1b52a1c9d58	000	full_training_pool	base_identifiable_DEVELOPMENT_r0	donor_019	donor	outer_0	heldout_squared_prediction_error_counts_v1	1	1085.8490712151224	lower_is_better	all	per_donor	5		200	0	ok_provisional	results/exploratory/p0-03-dev-feasibility/outer_0/outer_0/cnmf_tmp/outer_0.spectra.k_5.dt_2_0.consensus.df.npz
000-full_training_pool-base_identifiable_DEVELOPMENT_r0-outer_0-k5-d1b52a1c9d58	000	full_training_pool	base_identifiable_DEVELOPMENT_r0	donor_020	donor	outer_0	heldout_squared_prediction_error_counts_v1	1	1074.9437100137566	lower_is_better	all	per_donor	5		200	0	ok_provisional	results/exploratory/p0-03-dev-feasibility/outer_0/outer_0/cnmf_tmp/outer_0.spectra.k_5.dt_2_0.consensus.df.npz
000-full_training_pool-base_identifiable_DEVELOPMENT_r0-outer_0-k5-d1b52a1c9d58	000	full_training_pool	base_identifiable_DEVELOPMENT_r0	donor_021	donor	outer_0	heldout_squared_prediction_error_counts_v1	1	1188.5825725466375	lower_is_better	all	per_donor	5		200	0	ok_provisional	results/exploratory/p0-03-dev-feasibility/outer_0/outer_0/cnmf_tmp/outer_0.spectra.k_5.dt_2_0.consensus.df.npz
000-full_training_pool-base_identifiable_DEVELOPMENT_r0-outer_0-k5-d1b52a1c9d58	000	full_training_pool	base_identifiable_DEVELOPMENT_r0	donor_023	donor	outer_0	heldout_squared_prediction_error_counts_v1	1	1044.6912717882662	lower_is_better	all	per_donor	5		200	0	ok_provisional	results/exploratory/p0-03-dev-feasibility/outer_0/outer_0/cnmf_tmp/outer_0.spectra.k_5.dt_2_0.consensus.df.npz
000-full_training_pool-base_identifiable_DEVELOPMENT_r0-outer_0-k5-d1b52a1c9d58	000	full_training_pool	base_identifiable_DEVELOPMENT_r0	ALL_TEST_DONORS	donor	outer_0	heldout_squared_prediction_error_counts_v1	1	1077.63978990616	lower_is_better	all	equal_donor_mean	5		12	0	ok_provisional	results/exploratory/p0-03-dev-feasibility/outer_0/outer_0/cnmf_tmp/outer_0.spectra.k_5.dt_2_0.consensus.df.npz
000-full_training_pool-base_identifiable_DEVELOPMENT_r0-outer_0-k5-d1b52a1c9d58	000	full_training_pool	base_identifiable_DEVELOPMENT_r0	donor_001	donor	outer_0	null_squared_prediction_error_v1	1	622.6409367382499	lower_is_better	all	per_donor	5		200	0	ok_provisional	results/exploratory/p0-03-dev-feasibility/outer_0/outer_0/cnmf_tmp/outer_0.spectra.k_5.dt_2_0.consensus.df.npz
000-full_training_pool-base_identifiable_DEVELOPMENT_r0-outer_0-k5-d1b52a1c9d58	000	full_training_pool	base_identifiable_DEVELOPMENT_r0	donor_002	donor	outer_0	null_squared_prediction_error_v1	1	516.2926499159362	lower_is_better	all	per_donor	5		200	0	ok_provisional	results/exploratory/p0-03-dev-feasibility/outer_0/outer_0/cnmf_tmp/outer_0.spectra.k_5.dt_2_0.consensus.df.npz
000-full_training_pool-base_identifiable_DEVELOPMENT_r0-outer_0-k5-d1b52a1c9d58	000	full_training_pool	base_identifiable_DEVELOPMENT_r0	donor_004	donor	outer_0	null_squared_prediction_error_v1	1	836.92429835109	lower_is_better	all	per_donor	5		200	0	ok_provisional	results/exploratory/p0-03-dev-feasibility/outer_0/outer_0/cnmf_tmp/outer_0.spectra.k_5.dt_2_0.consensus.df.npz
000-full_training_pool-base_identifiable_DEVELOPMENT_r0-outer_0-k5-d1b52a1c9d58	000	full_training_pool	base_identifiable_DEVELOPMENT_r0	donor_008	donor	outer_0	null_squared_prediction_error_v1	1	427.4577046703842	lower_is_better	all	per_donor	5		200	0	ok_provisional	results/exploratory/p0-03-dev-feasibility/outer_0/outer_0/cnmf_tmp/outer_0.spectra.k_5.dt_2_0.consensus.df.npz
000-full_training_pool-base_identifiable_DEVELOPMENT_r0-outer_0-k5-d1b52a1c9d58	000	full_training_pool	base_identifiable_DEVELOPMENT_r0	donor_012	donor	outer_0	null_squared_prediction_error_v1	1	436.455301380511	lower_is_better	all	per_donor	5		200	0	ok_provisional	results/exploratory/p0-03-dev-feasibility/outer_0/outer_0/cnmf_tmp/outer_0.spectra.k_5.dt_2_0.consensus.df.npz
000-full_training_pool-base_identifiable_DEVELOPMENT_r0-outer_0-k5-d1b52a1c9d58	000	full_training_pool	base_identifiable_DEVELOPMENT_r0	donor_014	donor	outer_0	null_squared_prediction_error_v1	1	440.02485415475866	lower_is_better	all	per_donor	5		200	0	ok_provisional	results/exploratory/p0-03-dev-feasibility/outer_0/outer_0/cnmf_tmp/outer_0.spectra.k_5.dt_2_0.consensus.df.npz
000-full_training_pool-base_identifiable_DEVELOPMENT_r0-outer_0-k5-d1b52a1c9d58	000	full_training_pool	base_identifiable_DEVELOPMENT_r0	donor_016	donor	outer_0	null_squared_prediction_error_v1	1	519.3260620540896	lower_is_better	all	per_donor	5		200	0	ok_provisional	results/exploratory/p0-03-dev-feasibility/outer_0/outer_0/cnmf_tmp/outer_0.spectra.k_5.dt_2_0.consensus.df.npz
000-full_training_pool-base_identifiable_DEVELOPMENT_r0-outer_0-k5-d1b52a1c9d58	000	full_training_pool	base_identifiable_DEVELOPMENT_r0	donor_018	donor	outer_0	null_squared_prediction_error_v1	1	531.3040907407245	lower_is_better	all	per_donor	5		200	0	ok_provisional	results/exploratory/p0-03-dev-feasibility/outer_0/outer_0/cnmf_tmp/outer_0.spectra.k_5.dt_2_0.consensus.df.npz
000-full_training_pool-base_identifiable_DEVELOPMENT_r0-outer_0-k5-d1b52a1c9d58	000	full_training_pool	base_identifiable_DEVELOPMENT_r0	donor_019	donor	outer_0	null_squared_prediction_error_v1	1	619.9786411813187	lower_is_better	all	per_donor	5		200	0	ok_provisional	results/exploratory/p0-03-dev-feasibility/outer_0/outer_0/cnmf_tmp/outer_0.spectra.k_5.dt_2_0.consensus.df.npz
000-full_training_pool-base_identifiable_DEVELOPMENT_r0-outer_0-k5-d1b52a1c9d58	000	full_training_pool	base_identifiable_DEVELOPMENT_r0	donor_020	donor	outer_0	null_squared_prediction_error_v1	1	554.8156662073334	lower_is_better	all	per_donor	5		200	0	ok_provisional	results/exploratory/p0-03-dev-feasibility/outer_0/outer_0/cnmf_tmp/outer_0.spectra.k_5.dt_2_0.consensus.df.npz
000-full_training_pool-base_identifiable_DEVELOPMENT_r0-outer_0-k5-d1b52a1c9d58	000	full_training_pool	base_identifiable_DEVELOPMENT_r0	donor_021	donor	outer_0	null_squared_prediction_error_v1	1	617.3139838483819	lower_is_better	all	per_donor	5		200	0	ok_provisional	results/exploratory/p0-03-dev-feasibility/outer_0/outer_0/cnmf_tmp/outer_0.spectra.k_5.dt_2_0.consensus.df.npz
000-full_training_pool-base_identifiable_DEVELOPMENT_r0-outer_0-k5-d1b52a1c9d58	000	full_training_pool	base_identifiable_DEVELOPMENT_r0	donor_023	donor	outer_0	null_squared_prediction_error_v1	1	440.4275211257156	lower_is_better	all	per_donor	5		200	0	ok_provisional	results/exploratory/p0-03-dev-feasibility/outer_0/outer_0/cnmf_tmp/outer_0.spectra.k_5.dt_2_0.consensus.df.npz
000-full_training_pool-base_identifiable_DEVELOPMENT_r0-outer_0-k5-d1b52a1c9d58	000	full_training_pool	base_identifiable_DEVELOPMENT_r0	ALL_TEST_DONORS	donor	outer_0	null_squared_prediction_error_v1	1	546.9134758640411	lower_is_better	all	equal_donor_mean	5		12	0	ok_provisional	results/exploratory/p0-03-dev-feasibility/outer_0/outer_0/cnmf_tmp/outer_0.spectra.k_5.dt_2_0.consensus.df.npz
000-full_training_pool-base_identifiable_DEVELOPMENT_r0-outer_0-k5-d1b52a1c9d58	000	full_training_pool	base_identifiable_DEVELOPMENT_r0	000-full_training_pool-base_identifiable_DEVELOPMENT_r0-outer_0-k5-d1b52a1c9d58	experiment	outer_0	wall_seconds_v1	1	1.4216506821103394	lower_is_better	all	experiment	5		1	0	ok_provisional	results/exploratory/p0-03-dev-feasibility/outer_0/outer_0/cnmf_tmp/outer_0.spectra.k_5.dt_2_0.consensus.df.npz
000-full_training_pool-base_identifiable_DEVELOPMENT_r0-outer_0-k5-d1b52a1c9d58	000	full_training_pool	base_identifiable_DEVELOPMENT_r0	000-full_training_pool-base_identifiable_DEVELOPMENT_r0-outer_0-k5-d1b52a1c9d58	experiment	outer_0	cpu_seconds_v1	1	1.3378779290000011	lower_is_better	all	experiment	5		1	0	ok_provisional	results/exploratory/p0-03-dev-feasibility/outer_0/outer_0/cnmf_tmp/outer_0.spectra.k_5.dt_2_0.consensus.df.npz
000-full_training_pool-base_identifiable_DEVELOPMENT_r0-outer_0-k5-d1b52a1c9d58	000	full_training_pool	base_identifiable_DEVELOPMENT_r0	000-full_training_pool-base_identifiable_DEVELOPMENT_r0-outer_0-k5-d1b52a1c9d58	experiment	outer_0	peak_memory_mb_v1	1	652.6796875	lower_is_better	all	experiment	5		1	0	ok_provisional	results/exploratory/p0-03-dev-feasibility/outer_0/outer_0/cnmf_tmp/outer_0.spectra.k_5.dt_2_0.consensus.df.npz
000-full_training_pool-base_identifiable_DEVELOPMENT_r0-outer_0-k5-d1b52a1c9d58	000	full_training_pool	base_identifiable_DEVELOPMENT_r0	000-full_training_pool-base_identifiable_DEVELOPMENT_r0-outer_0-k5-d1b52a1c9d58	experiment	outer_0	failed_fits_v1	1	0	lower_is_better	all	experiment	5		1	0	ok_provisional	results/exploratory/p0-03-dev-feasibility/outer_0/outer_0/cnmf_tmp/outer_0.spectra.k_5.dt_2_0.consensus.df.npz
000-full_training_pool-base_identifiable_DEVELOPMENT_r0-outer_0-k6-293d5e499d31	000	full_training_pool	base_identifiable_DEVELOPMENT_r0	donor_001	donor	outer_0	heldout_squared_prediction_error_v1	1	466.8583716213527	lower_is_better	all	per_donor	6		200	0	ok_provisional	results/exploratory/p0-03-dev-feasibility/outer_0/outer_0/cnmf_tmp/outer_0.spectra.k_6.dt_2_0.consensus.df.npz
000-full_training_pool-base_identifiable_DEVELOPMENT_r0-outer_0-k6-293d5e499d31	000	full_training_pool	base_identifiable_DEVELOPMENT_r0	donor_002	donor	outer_0	heldout_squared_prediction_error_v1	1	383.9478908479847	lower_is_better	all	per_donor	6		200	0	ok_provisional	results/exploratory/p0-03-dev-feasibility/outer_0/outer_0/cnmf_tmp/outer_0.spectra.k_6.dt_2_0.consensus.df.npz
000-full_training_pool-base_identifiable_DEVELOPMENT_r0-outer_0-k6-293d5e499d31	000	full_training_pool	base_identifiable_DEVELOPMENT_r0	donor_004	donor	outer_0	heldout_squared_prediction_error_v1	1	517.2024325670143	lower_is_better	all	per_donor	6		200	0	ok_provisional	results/exploratory/p0-03-dev-feasibility/outer_0/outer_0/cnmf_tmp/outer_0.spectra.k_6.dt_2_0.consensus.df.npz
000-full_training_pool-base_identifiable_DEVELOPMENT_r0-outer_0-k6-293d5e499d31	000	full_training_pool	base_identifiable_DEVELOPMENT_r0	donor_008	donor	outer_0	heldout_squared_prediction_error_v1	1	393.56316819173327	lower_is_better	all	per_donor	6		200	0	ok_provisional	results/exploratory/p0-03-dev-feasibility/outer_0/outer_0/cnmf_tmp/outer_0.spectra.k_6.dt_2_0.consensus.df.npz
000-full_training_pool-base_identifiable_DEVELOPMENT_r0-outer_0-k6-293d5e499d31	000	full_training_pool	base_identifiable_DEVELOPMENT_r0	donor_012	donor	outer_0	heldout_squared_prediction_error_v1	1	373.12469522801484	lower_is_better	all	per_donor	6		200	0	ok_provisional	results/exploratory/p0-03-dev-feasibility/outer_0/outer_0/cnmf_tmp/outer_0.spectra.k_6.dt_2_0.consensus.df.npz
000-full_training_pool-base_identifiable_DEVELOPMENT_r0-outer_0-k6-293d5e499d31	000	full_training_pool	base_identifiable_DEVELOPMENT_r0	donor_014	donor	outer_0	heldout_squared_prediction_error_v1	1	373.0782279583842	lower_is_better	all	per_donor	6		200	0	ok_provisional	results/exploratory/p0-03-dev-feasibility/outer_0/outer_0/cnmf_tmp/outer_0.spectra.k_6.dt_2_0.consensus.df.npz
000-full_training_pool-base_identifiable_DEVELOPMENT_r0-outer_0-k6-293d5e499d31	000	full_training_pool	base_identifiable_DEVELOPMENT_r0	donor_016	donor	outer_0	heldout_squared_prediction_error_v1	1	399.8848229068458	lower_is_better	all	per_donor	6		200	0	ok_provisional	results/exploratory/p0-03-dev-feasibility/outer_0/outer_0/cnmf_tmp/outer_0.spectra.k_6.dt_2_0.consensus.df.npz
000-full_training_pool-base_identifiable_DEVELOPMENT_r0-outer_0-k6-293d5e499d31	000	full_training_pool	base_identifiable_DEVELOPMENT_r0	donor_018	donor	outer_0	heldout_squared_prediction_error_v1	1	370.01946951430074	lower_is_better	all	per_donor	6		200	0	ok_provisional	results/exploratory/p0-03-dev-feasibility/outer_0/outer_0/cnmf_tmp/outer_0.spectra.k_6.dt_2_0.consensus.df.npz
000-full_training_pool-base_identifiable_DEVELOPMENT_r0-outer_0-k6-293d5e499d31	000	full_training_pool	base_identifiable_DEVELOPMENT_r0	donor_019	donor	outer_0	heldout_squared_prediction_error_v1	1	426.60547870694944	lower_is_better	all	per_donor	6		200	0	ok_provisional	results/exploratory/p0-03-dev-feasibility/outer_0/outer_0/cnmf_tmp/outer_0.spectra.k_6.dt_2_0.consensus.df.npz
000-full_training_pool-base_identifiable_DEVELOPMENT_r0-outer_0-k6-293d5e499d31	000	full_training_pool	base_identifiable_DEVELOPMENT_r0	donor_020	donor	outer_0	heldout_squared_prediction_error_v1	1	425.62478936124984	lower_is_better	all	per_donor	6		200	0	ok_provisional	results/exploratory/p0-03-dev-feasibility/outer_0/outer_0/cnmf_tmp/outer_0.spectra.k_6.dt_2_0.consensus.df.npz
000-full_training_pool-base_identifiable_DEVELOPMENT_r0-outer_0-k6-293d5e499d31	000	full_training_pool	base_identifiable_DEVELOPMENT_r0	donor_021	donor	outer_0	heldout_squared_prediction_error_v1	1	466.841375290488	lower_is_better	all	per_donor	6		200	0	ok_provisional	results/exploratory/p0-03-dev-feasibility/outer_0/outer_0/cnmf_tmp/outer_0.spectra.k_6.dt_2_0.consensus.df.npz
000-full_training_pool-base_identifiable_DEVELOPMENT_r0-outer_0-k6-293d5e499d31	000	full_training_pool	base_identifiable_DEVELOPMENT_r0	donor_023	donor	outer_0	heldout_squared_prediction_error_v1	1	403.7141394603035	lower_is_better	all	per_donor	6		200	0	ok_provisional	results/exploratory/p0-03-dev-feasibility/outer_0/outer_0/cnmf_tmp/outer_0.spectra.k_6.dt_2_0.consensus.df.npz
000-full_training_pool-base_identifiable_DEVELOPMENT_r0-outer_0-k6-293d5e499d31	000	full_training_pool	base_identifiable_DEVELOPMENT_r0	ALL_TEST_DONORS	donor	outer_0	heldout_squared_prediction_error_v1	1	416.70540513788507	lower_is_better	all	equal_donor_mean	6		12	0	ok_provisional	results/exploratory/p0-03-dev-feasibility/outer_0/outer_0/cnmf_tmp/outer_0.spectra.k_6.dt_2_0.consensus.df.npz
000-full_training_pool-base_identifiable_DEVELOPMENT_r0-outer_0-k6-293d5e499d31	000	full_training_pool	base_identifiable_DEVELOPMENT_r0	donor_001	donor	outer_0	heldout_squared_prediction_error_counts_v1	1	1155.4747717946725	lower_is_better	all	per_donor	6		200	0	ok_provisional	results/exploratory/p0-03-dev-feasibility/outer_0/outer_0/cnmf_tmp/outer_0.spectra.k_6.dt_2_0.consensus.df.npz
000-full_training_pool-base_identifiable_DEVELOPMENT_r0-outer_0-k6-293d5e499d31	000	full_training_pool	base_identifiable_DEVELOPMENT_r0	donor_002	donor	outer_0	heldout_squared_prediction_error_counts_v1	1	969.9653739472602	lower_is_better	all	per_donor	6		200	0	ok_provisional	results/exploratory/p0-03-dev-feasibility/outer_0/outer_0/cnmf_tmp/outer_0.spectra.k_6.dt_2_0.consensus.df.npz
000-full_training_pool-base_identifiable_DEVELOPMENT_r0-outer_0-k6-293d5e499d31	000	full_training_pool	base_identifiable_DEVELOPMENT_r0	donor_004	donor	outer_0	heldout_squared_prediction_error_counts_v1	1	1292.8994136046704	lower_is_better	all	per_donor	6		200	0	ok_provisional	results/exploratory/p0-03-dev-feasibility/outer_0/outer_0/cnmf_tmp/outer_0.spectra.k_6.dt_2_0.consensus.df.npz
000-full_training_pool-base_identifiable_DEVELOPMENT_r0-outer_0-k6-293d5e499d31	000	full_training_pool	base_identifiable_DEVELOPMENT_r0	donor_008	donor	outer_0	heldout_squared_prediction_error_counts_v1	1	951.5441059002521	lower_is_better	all	per_donor	6		200	0	ok_provisional	results/exploratory/p0-03-dev-feasibility/outer_0/outer_0/cnmf_tmp/outer_0.spectra.k_6.dt_2_0.consensus.df.npz
000-full_training_pool-base_identifiable_DEVELOPMENT_r0-outer_0-k6-293d5e499d31	000	full_training_pool	base_identifiable_DEVELOPMENT_r0	donor_012	donor	outer_0	heldout_squared_prediction_error_counts_v1	1	894.1832992165314	lower_is_better	all	per_donor	6		200	0	ok_provisional	results/exploratory/p0-03-dev-feasibility/outer_0/outer_0/cnmf_tmp/outer_0.spectra.k_6.dt_2_0.consensus.df.npz
000-full_training_pool-base_identifiable_DEVELOPMENT_r0-outer_0-k6-293d5e499d31	000	full_training_pool	base_identifiable_DEVELOPMENT_r0	donor_014	donor	outer_0	heldout_squared_prediction_error_counts_v1	1	911.0810806166268	lower_is_better	all	per_donor	6		200	0	ok_provisional	results/exploratory/p0-03-dev-feasibility/outer_0/outer_0/cnmf_tmp/outer_0.spectra.k_6.dt_2_0.consensus.df.npz
000-full_training_pool-base_identifiable_DEVELOPMENT_r0-outer_0-k6-293d5e499d31	000	full_training_pool	base_identifiable_DEVELOPMENT_r0	donor_016	donor	outer_0	heldout_squared_prediction_error_counts_v1	1	1002.0163137219195	lower_is_better	all	per_donor	6		200	0	ok_provisional	results/exploratory/p0-03-dev-feasibility/outer_0/outer_0/cnmf_tmp/outer_0.spectra.k_6.dt_2_0.consensus.df.npz
000-full_training_pool-base_identifiable_DEVELOPMENT_r0-outer_0-k6-293d5e499d31	000	full_training_pool	base_identifiable_DEVELOPMENT_r0	donor_018	donor	outer_0	heldout_squared_prediction_error_counts_v1	1	842.8920518105174	lower_is_better	all	per_donor	6		200	0	ok_provisional	results/exploratory/p0-03-dev-feasibility/outer_0/outer_0/cnmf_tmp/outer_0.spectra.k_6.dt_2_0.consensus.df.npz
000-full_training_pool-base_identifiable_DEVELOPMENT_r0-outer_0-k6-293d5e499d31	000	full_training_pool	base_identifiable_DEVELOPMENT_r0	donor_019	donor	outer_0	heldout_squared_prediction_error_counts_v1	1	1031.4361988679195	lower_is_better	all	per_donor	6		200	0	ok_provisional	results/exploratory/p0-03-dev-feasibility/outer_0/outer_0/cnmf_tmp/outer_0.spectra.k_6.dt_2_0.consensus.df.npz
000-full_training_pool-base_identifiable_DEVELOPMENT_r0-outer_0-k6-293d5e499d31	000	full_training_pool	base_identifiable_DEVELOPMENT_r0	donor_020	donor	outer_0	heldout_squared_prediction_error_counts_v1	1	1007.4396028689761	lower_is_better	all	per_donor	6		200	0	ok_provisional	results/exploratory/p0-03-dev-feasibility/outer_0/outer_0/cnmf_tmp/outer_0.spectra.k_6.dt_2_0.consensus.df.npz
000-full_training_pool-base_identifiable_DEVELOPMENT_r0-outer_0-k6-293d5e499d31	000	full_training_pool	base_identifiable_DEVELOPMENT_r0	donor_021	donor	outer_0	heldout_squared_prediction_error_counts_v1	1	1119.269347202645	lower_is_better	all	per_donor	6		200	0	ok_provisional	results/exploratory/p0-03-dev-feasibility/outer_0/outer_0/cnmf_tmp/outer_0.spectra.k_6.dt_2_0.consensus.df.npz
000-full_training_pool-base_identifiable_DEVELOPMENT_r0-outer_0-k6-293d5e499d31	000	full_training_pool	base_identifiable_DEVELOPMENT_r0	donor_023	donor	outer_0	heldout_squared_prediction_error_counts_v1	1	976.0419810703529	lower_is_better	all	per_donor	6		200	0	ok_provisional	results/exploratory/p0-03-dev-feasibility/outer_0/outer_0/cnmf_tmp/outer_0.spectra.k_6.dt_2_0.consensus.df.npz
000-full_training_pool-base_identifiable_DEVELOPMENT_r0-outer_0-k6-293d5e499d31	000	full_training_pool	base_identifiable_DEVELOPMENT_r0	ALL_TEST_DONORS	donor	outer_0	heldout_squared_prediction_error_counts_v1	1	1012.8536283851954	lower_is_better	all	equal_donor_mean	6		12	0	ok_provisional	results/exploratory/p0-03-dev-feasibility/outer_0/outer_0/cnmf_tmp/outer_0.spectra.k_6.dt_2_0.consensus.df.npz
000-full_training_pool-base_identifiable_DEVELOPMENT_r0-outer_0-k6-293d5e499d31	000	full_training_pool	base_identifiable_DEVELOPMENT_r0	donor_001	donor	outer_0	null_squared_prediction_error_v1	1	622.6409367382499	lower_is_better	all	per_donor	6		200	0	ok_provisional	results/exploratory/p0-03-dev-feasibility/outer_0/outer_0/cnmf_tmp/outer_0.spectra.k_6.dt_2_0.consensus.df.npz
000-full_training_pool-base_identifiable_DEVELOPMENT_r0-outer_0-k6-293d5e499d31	000	full_training_pool	base_identifiable_DEVELOPMENT_r0	donor_002	donor	outer_0	null_squared_prediction_error_v1	1	516.2926499159362	lower_is_better	all	per_donor	6		200	0	ok_provisional	results/exploratory/p0-03-dev-feasibility/outer_0/outer_0/cnmf_tmp/outer_0.spectra.k_6.dt_2_0.consensus.df.npz
000-full_training_pool-base_identifiable_DEVELOPMENT_r0-outer_0-k6-293d5e499d31	000	full_training_pool	base_identifiable_DEVELOPMENT_r0	donor_004	donor	outer_0	null_squared_prediction_error_v1	1	836.92429835109	lower_is_better	all	per_donor	6		200	0	ok_provisional	results/exploratory/p0-03-dev-feasibility/outer_0/outer_0/cnmf_tmp/outer_0.spectra.k_6.dt_2_0.consensus.df.npz
000-full_training_pool-base_identifiable_DEVELOPMENT_r0-outer_0-k6-293d5e499d31	000	full_training_pool	base_identifiable_DEVELOPMENT_r0	donor_008	donor	outer_0	null_squared_prediction_error_v1	1	427.4577046703842	lower_is_better	all	per_donor	6		200	0	ok_provisional	results/exploratory/p0-03-dev-feasibility/outer_0/outer_0/cnmf_tmp/outer_0.spectra.k_6.dt_2_0.consensus.df.npz
000-full_training_pool-base_identifiable_DEVELOPMENT_r0-outer_0-k6-293d5e499d31	000	full_training_pool	base_identifiable_DEVELOPMENT_r0	donor_012	donor	outer_0	null_squared_prediction_error_v1	1	436.455301380511	lower_is_better	all	per_donor	6		200	0	ok_provisional	results/exploratory/p0-03-dev-feasibility/outer_0/outer_0/cnmf_tmp/outer_0.spectra.k_6.dt_2_0.consensus.df.npz
000-full_training_pool-base_identifiable_DEVELOPMENT_r0-outer_0-k6-293d5e499d31	000	full_training_pool	base_identifiable_DEVELOPMENT_r0	donor_014	donor	outer_0	null_squared_prediction_error_v1	1	440.02485415475866	lower_is_better	all	per_donor	6		200	0	ok_provisional	results/exploratory/p0-03-dev-feasibility/outer_0/outer_0/cnmf_tmp/outer_0.spectra.k_6.dt_2_0.consensus.df.npz
000-full_training_pool-base_identifiable_DEVELOPMENT_r0-outer_0-k6-293d5e499d31	000	full_training_pool	base_identifiable_DEVELOPMENT_r0	donor_016	donor	outer_0	null_squared_prediction_error_v1	1	519.3260620540896	lower_is_better	all	per_donor	6		200	0	ok_provisional	results/exploratory/p0-03-dev-feasibility/outer_0/outer_0/cnmf_tmp/outer_0.spectra.k_6.dt_2_0.consensus.df.npz
000-full_training_pool-base_identifiable_DEVELOPMENT_r0-outer_0-k6-293d5e499d31	000	full_training_pool	base_identifiable_DEVELOPMENT_r0	donor_018	donor	outer_0	null_squared_prediction_error_v1	1	531.3040907407245	lower_is_better	all	per_donor	6		200	0	ok_provisional	results/exploratory/p0-03-dev-feasibility/outer_0/outer_0/cnmf_tmp/outer_0.spectra.k_6.dt_2_0.consensus.df.npz
000-full_training_pool-base_identifiable_DEVELOPMENT_r0-outer_0-k6-293d5e499d31	000	full_training_pool	base_identifiable_DEVELOPMENT_r0	donor_019	donor	outer_0	null_squared_prediction_error_v1	1	619.9786411813187	lower_is_better	all	per_donor	6		200	0	ok_provisional	results/exploratory/p0-03-dev-feasibility/outer_0/outer_0/cnmf_tmp/outer_0.spectra.k_6.dt_2_0.consensus.df.npz
000-full_training_pool-base_identifiable_DEVELOPMENT_r0-outer_0-k6-293d5e499d31	000	full_training_pool	base_identifiable_DEVELOPMENT_r0	donor_020	donor	outer_0	null_squared_prediction_error_v1	1	554.8156662073334	lower_is_better	all	per_donor	6		200	0	ok_provisional	results/exploratory/p0-03-dev-feasibility/outer_0/outer_0/cnmf_tmp/outer_0.spectra.k_6.dt_2_0.consensus.df.npz
000-full_training_pool-base_identifiable_DEVELOPMENT_r0-outer_0-k6-293d5e499d31	000	full_training_pool	base_identifiable_DEVELOPMENT_r0	donor_021	donor	outer_0	null_squared_prediction_error_v1	1	617.3139838483819	lower_is_better	all	per_donor	6		200	0	ok_provisional	results/exploratory/p0-03-dev-feasibility/outer_0/outer_0/cnmf_tmp/outer_0.spectra.k_6.dt_2_0.consensus.df.npz
000-full_training_pool-base_identifiable_DEVELOPMENT_r0-outer_0-k6-293d5e499d31	000	full_training_pool	base_identifiable_DEVELOPMENT_r0	donor_023	donor	outer_0	null_squared_prediction_error_v1	1	440.4275211257156	lower_is_better	all	per_donor	6		200	0	ok_provisional	results/exploratory/p0-03-dev-feasibility/outer_0/outer_0/cnmf_tmp/outer_0.spectra.k_6.dt_2_0.consensus.df.npz
000-full_training_pool-base_identifiable_DEVELOPMENT_r0-outer_0-k6-293d5e499d31	000	full_training_pool	base_identifiable_DEVELOPMENT_r0	ALL_TEST_DONORS	donor	outer_0	null_squared_prediction_error_v1	1	546.9134758640411	lower_is_better	all	equal_donor_mean	6		12	0	ok_provisional	results/exploratory/p0-03-dev-feasibility/outer_0/outer_0/cnmf_tmp/outer_0.spectra.k_6.dt_2_0.consensus.df.npz
000-full_training_pool-base_identifiable_DEVELOPMENT_r0-outer_0-k6-293d5e499d31	000	full_training_pool	base_identifiable_DEVELOPMENT_r0	000-full_training_pool-base_identifiable_DEVELOPMENT_r0-outer_0-k6-293d5e499d31	experiment	outer_0	wall_seconds_v1	1	1.5758666712790728	lower_is_better	all	experiment	6		1	0	ok_provisional	results/exploratory/p0-03-dev-feasibility/outer_0/outer_0/cnmf_tmp/outer_0.spectra.k_6.dt_2_0.consensus.df.npz
000-full_training_pool-base_identifiable_DEVELOPMENT_r0-outer_0-k6-293d5e499d31	000	full_training_pool	base_identifiable_DEVELOPMENT_r0	000-full_training_pool-base_identifiable_DEVELOPMENT_r0-outer_0-k6-293d5e499d31	experiment	outer_0	cpu_seconds_v1	1	1.4897429709999983	lower_is_better	all	experiment	6		1	0	ok_provisional	results/exploratory/p0-03-dev-feasibility/outer_0/outer_0/cnmf_tmp/outer_0.spectra.k_6.dt_2_0.consensus.df.npz
000-full_training_pool-base_identifiable_DEVELOPMENT_r0-outer_0-k6-293d5e499d31	000	full_training_pool	base_identifiable_DEVELOPMENT_r0	000-full_training_pool-base_identifiable_DEVELOPMENT_r0-outer_0-k6-293d5e499d31	experiment	outer_0	peak_memory_mb_v1	1	671.71484375	lower_is_better	all	experiment	6		1	0	ok_provisional	results/exploratory/p0-03-dev-feasibility/outer_0/outer_0/cnmf_tmp/outer_0.spectra.k_6.dt_2_0.consensus.df.npz
000-full_training_pool-base_identifiable_DEVELOPMENT_r0-outer_0-k6-293d5e499d31	000	full_training_pool	base_identifiable_DEVELOPMENT_r0	000-full_training_pool-base_identifiable_DEVELOPMENT_r0-outer_0-k6-293d5e499d31	experiment	outer_0	failed_fits_v1	1	0	lower_is_better	all	experiment	6		1	0	ok_provisional	results/exploratory/p0-03-dev-feasibility/outer_0/outer_0/cnmf_tmp/outer_0.spectra.k_6.dt_2_0.consensus.df.npz
000-full_training_pool-base_identifiable_DEVELOPMENT_r0-outer_0-k7-b70d513b09d3	000	full_training_pool	base_identifiable_DEVELOPMENT_r0	donor_001	donor	outer_0	heldout_squared_prediction_error_v1	1	464.5255302662878	lower_is_better	all	per_donor	7		200	0	ok_provisional	results/exploratory/p0-03-dev-feasibility/outer_0/outer_0/cnmf_tmp/outer_0.spectra.k_7.dt_2_0.consensus.df.npz
000-full_training_pool-base_identifiable_DEVELOPMENT_r0-outer_0-k7-b70d513b09d3	000	full_training_pool	base_identifiable_DEVELOPMENT_r0	donor_002	donor	outer_0	heldout_squared_prediction_error_v1	1	382.5148768514704	lower_is_better	all	per_donor	7		200	0	ok_provisional	results/exploratory/p0-03-dev-feasibility/outer_0/outer_0/cnmf_tmp/outer_0.spectra.k_7.dt_2_0.consensus.df.npz
000-full_training_pool-base_identifiable_DEVELOPMENT_r0-outer_0-k7-b70d513b09d3	000	full_training_pool	base_identifiable_DEVELOPMENT_r0	donor_004	donor	outer_0	heldout_squared_prediction_error_v1	1	514.7917975069731	lower_is_better	all	per_donor	7		200	0	ok_provisional	results/exploratory/p0-03-dev-feasibility/outer_0/outer_0/cnmf_tmp/outer_0.spectra.k_7.dt_2_0.consensus.df.npz
000-full_training_pool-base_identifiable_DEVELOPMENT_r0-outer_0-k7-b70d513b09d3	000	full_training_pool	base_identifiable_DEVELOPMENT_r0	donor_008	donor	outer_0	heldout_squared_prediction_error_v1	1	391.49236924887225	lower_is_better	all	per_donor	7		200	0	ok_provisional	results/exploratory/p0-03-dev-feasibility/outer_0/outer_0/cnmf_tmp/outer_0.spectra.k_7.dt_2_0.consensus.df.npz
000-full_training_pool-base_identifiable_DEVELOPMENT_r0-outer_0-k7-b70d513b09d3	000	full_training_pool	base_identifiable_DEVELOPMENT_r0	donor_012	donor	outer_0	heldout_squared_prediction_error_v1	1	371.4211332801955	lower_is_better	all	per_donor	7		200	0	ok_provisional	results/exploratory/p0-03-dev-feasibility/outer_0/outer_0/cnmf_tmp/outer_0.spectra.k_7.dt_2_0.consensus.df.npz
000-full_training_pool-base_identifiable_DEVELOPMENT_r0-outer_0-k7-b70d513b09d3	000	full_training_pool	base_identifiable_DEVELOPMENT_r0	donor_014	donor	outer_0	heldout_squared_prediction_error_v1	1	371.29701513374516	lower_is_better	all	per_donor	7		200	0	ok_provisional	results/exploratory/p0-03-dev-feasibility/outer_0/outer_0/cnmf_tmp/outer_0.spectra.k_7.dt_2_0.consensus.df.npz
000-full_training_pool-base_identifiable_DEVELOPMENT_r0-outer_0-k7-b70d513b09d3	000	full_training_pool	base_identifiable_DEVELOPMENT_r0	donor_016	donor	outer_0	heldout_squared_prediction_error_v1	1	398.3728117784735	lower_is_better	all	per_donor	7		200	0	ok_provisional	results/exploratory/p0-03-dev-feasibility/outer_0/outer_0/cnmf_tmp/outer_0.spectra.k_7.dt_2_0.consensus.df.npz
000-full_training_pool-base_identifiable_DEVELOPMENT_r0-outer_0-k7-b70d513b09d3	000	full_training_pool	base_identifiable_DEVELOPMENT_r0	donor_018	donor	outer_0	heldout_squared_prediction_error_v1	1	368.5167335859744	lower_is_better	all	per_donor	7		200	0	ok_provisional	results/exploratory/p0-03-dev-feasibility/outer_0/outer_0/cnmf_tmp/outer_0.spectra.k_7.dt_2_0.consensus.df.npz
000-full_training_pool-base_identifiable_DEVELOPMENT_r0-outer_0-k7-b70d513b09d3	000	full_training_pool	base_identifiable_DEVELOPMENT_r0	donor_019	donor	outer_0	heldout_squared_prediction_error_v1	1	425.10425500832133	lower_is_better	all	per_donor	7		200	0	ok_provisional	results/exploratory/p0-03-dev-feasibility/outer_0/outer_0/cnmf_tmp/outer_0.spectra.k_7.dt_2_0.consensus.df.npz
000-full_training_pool-base_identifiable_DEVELOPMENT_r0-outer_0-k7-b70d513b09d3	000	full_training_pool	base_identifiable_DEVELOPMENT_r0	donor_020	donor	outer_0	heldout_squared_prediction_error_v1	1	423.85831932522456	lower_is_better	all	per_donor	7		200	0	ok_provisional	results/exploratory/p0-03-dev-feasibility/outer_0/outer_0/cnmf_tmp/outer_0.spectra.k_7.dt_2_0.consensus.df.npz
000-full_training_pool-base_identifiable_DEVELOPMENT_r0-outer_0-k7-b70d513b09d3	000	full_training_pool	base_identifiable_DEVELOPMENT_r0	donor_021	donor	outer_0	heldout_squared_prediction_error_v1	1	464.6922337536702	lower_is_better	all	per_donor	7		200	0	ok_provisional	results/exploratory/p0-03-dev-feasibility/outer_0/outer_0/cnmf_tmp/outer_0.spectra.k_7.dt_2_0.consensus.df.npz
000-full_training_pool-base_identifiable_DEVELOPMENT_r0-outer_0-k7-b70d513b09d3	000	full_training_pool	base_identifiable_DEVELOPMENT_r0	donor_023	donor	outer_0	heldout_squared_prediction_error_v1	1	401.545819804565	lower_is_better	all	per_donor	7		200	0	ok_provisional	results/exploratory/p0-03-dev-feasibility/outer_0/outer_0/cnmf_tmp/outer_0.spectra.k_7.dt_2_0.consensus.df.npz
000-full_training_pool-base_identifiable_DEVELOPMENT_r0-outer_0-k7-b70d513b09d3	000	full_training_pool	base_identifiable_DEVELOPMENT_r0	ALL_TEST_DONORS	donor	outer_0	heldout_squared_prediction_error_v1	1	414.84440796198106	lower_is_better	all	equal_donor_mean	7		12	0	ok_provisional	results/exploratory/p0-03-dev-feasibility/outer_0/outer_0/cnmf_tmp/outer_0.spectra.k_7.dt_2_0.consensus.df.npz
000-full_training_pool-base_identifiable_DEVELOPMENT_r0-outer_0-k7-b70d513b09d3	000	full_training_pool	base_identifiable_DEVELOPMENT_r0	donor_001	donor	outer_0	heldout_squared_prediction_error_counts_v1	1	1123.4378493202153	lower_is_better	all	per_donor	7		200	0	ok_provisional	results/exploratory/p0-03-dev-feasibility/outer_0/outer_0/cnmf_tmp/outer_0.spectra.k_7.dt_2_0.consensus.df.npz
000-full_training_pool-base_identifiable_DEVELOPMENT_r0-outer_0-k7-b70d513b09d3	000	full_training_pool	base_identifiable_DEVELOPMENT_r0	donor_002	donor	outer_0	heldout_squared_prediction_error_counts_v1	1	949.6221300130842	lower_is_better	all	per_donor	7		200	0	ok_provisional	results/exploratory/p0-03-dev-feasibility/outer_0/outer_0/cnmf_tmp/outer_0.spectra.k_7.dt_2_0.consensus.df.npz
000-full_training_pool-base_identifiable_DEVELOPMENT_r0-outer_0-k7-b70d513b09d3	000	full_training_pool	base_identifiable_DEVELOPMENT_r0	donor_004	donor	outer_0	heldout_squared_prediction_error_counts_v1	1	1253.3907899130816	lower_is_better	all	per_donor	7		200	0	ok_provisional	results/exploratory/p0-03-dev-feasibility/outer_0/outer_0/cnmf_tmp/outer_0.spectra.k_7.dt_2_0.consensus.df.npz
000-full_training_pool-base_identifiable_DEVELOPMENT_r0-outer_0-k7-b70d513b09d3	000	full_training_pool	base_identifiable_DEVELOPMENT_r0	donor_008	donor	outer_0	heldout_squared_prediction_error_counts_v1	1	918.0650991498804	lower_is_better	all	per_donor	7		200	0	ok_provisional	results/exploratory/p0-03-dev-feasibility/outer_0/outer_0/cnmf_tmp/outer_0.spectra.k_7.dt_2_0.consensus.df.npz
000-full_training_pool-base_identifiable_DEVELOPMENT_r0-outer_0-k7-b70d513b09d3	000	full_training_pool	base_identifiable_DEVELOPMENT_r0	donor_012	donor	outer_0	heldout_squared_prediction_error_counts_v1	1	871.5442878427199	lower_is_better	all	per_donor	7		200	0	ok_provisional	results/exploratory/p0-03-dev-feasibility/outer_0/outer_0/cnmf_tmp/outer_0.spectra.k_7.dt_2_0.consensus.df.npz
000-full_training_pool-base_identifiable_DEVELOPMENT_r0-outer_0-k7-b70d513b09d3	000	full_training_pool	base_identifiable_DEVELOPMENT_r0	donor_014	donor	outer_0	heldout_squared_prediction_error_counts_v1	1	886.2906708696897	lower_is_better	all	per_donor	7		200	0	ok_provisional	results/exploratory/p0-03-dev-feasibility/outer_0/outer_0/cnmf_tmp/outer_0.spectra.k_7.dt_2_0.consensus.df.npz
000-full_training_pool-base_identifiable_DEVELOPMENT_r0-outer_0-k7-b70d513b09d3	000	full_training_pool	base_identifiable_DEVELOPMENT_r0	donor_016	donor	outer_0	heldout_squared_prediction_error_counts_v1	1	972.4048659991826	lower_is_better	all	per_donor	7		200	0	ok_provisional	results/exploratory/p0-03-dev-feasibility/outer_0/outer_0/cnmf_tmp/outer_0.spectra.k_7.dt_2_0.consensus.df.npz
000-full_training_pool-base_identifiable_DEVELOPMENT_r0-outer_0-k7-b70d513b09d3	000	full_training_pool	base_identifiable_DEVELOPMENT_r0	donor_018	donor	outer_0	heldout_squared_prediction_error_counts_v1	1	816.6705522176698	lower_is_better	all	per_donor	7		200	0	ok_provisional	results/exploratory/p0-03-dev-feasibility/outer_0/outer_0/cnmf_tmp/outer_0.spectra.k_7.dt_2_0.consensus.df.npz
000-full_training_pool-base_identifiable_DEVELOPMENT_r0-outer_0-k7-b70d513b09d3	000	full_training_pool	base_identifiable_DEVELOPMENT_r0	donor_019	donor	outer_0	heldout_squared_prediction_error_counts_v1	1	1008.7134426741718	lower_is_better	all	per_donor	7		200	0	ok_provisional	results/exploratory/p0-03-dev-feasibility/outer_0/outer_0/cnmf_tmp/outer_0.spectra.k_7.dt_2_0.consensus.df.npz
000-full_training_pool-base_identifiable_DEVELOPMENT_r0-outer_0-k7-b70d513b09d3	000	full_training_pool	base_identifiable_DEVELOPMENT_r0	donor_020	donor	outer_0	heldout_squared_prediction_error_counts_v1	1	979.6649795144922	lower_is_better	all	per_donor	7		200	0	ok_provisional	results/exploratory/p0-03-dev-feasibility/outer_0/outer_0/cnmf_tmp/outer_0.spectra.k_7.dt_2_0.consensus.df.npz
000-full_training_pool-base_identifiable_DEVELOPMENT_r0-outer_0-k7-b70d513b09d3	000	full_training_pool	base_identifiable_DEVELOPMENT_r0	donor_021	donor	outer_0	heldout_squared_prediction_error_counts_v1	1	1092.6938438209106	lower_is_better	all	per_donor	7		200	0	ok_provisional	results/exploratory/p0-03-dev-feasibility/outer_0/outer_0/cnmf_tmp/outer_0.spectra.k_7.dt_2_0.consensus.df.npz
000-full_training_pool-base_identifiable_DEVELOPMENT_r0-outer_0-k7-b70d513b09d3	000	full_training_pool	base_identifiable_DEVELOPMENT_r0	donor_023	donor	outer_0	heldout_squared_prediction_error_counts_v1	1	947.7458893753413	lower_is_better	all	per_donor	7		200	0	ok_provisional	results/exploratory/p0-03-dev-feasibility/outer_0/outer_0/cnmf_tmp/outer_0.spectra.k_7.dt_2_0.consensus.df.npz
000-full_training_pool-base_identifiable_DEVELOPMENT_r0-outer_0-k7-b70d513b09d3	000	full_training_pool	base_identifiable_DEVELOPMENT_r0	ALL_TEST_DONORS	donor	outer_0	heldout_squared_prediction_error_counts_v1	1	985.0203667258701	lower_is_better	all	equal_donor_mean	7		12	0	ok_provisional	results/exploratory/p0-03-dev-feasibility/outer_0/outer_0/cnmf_tmp/outer_0.spectra.k_7.dt_2_0.consensus.df.npz
000-full_training_pool-base_identifiable_DEVELOPMENT_r0-outer_0-k7-b70d513b09d3	000	full_training_pool	base_identifiable_DEVELOPMENT_r0	donor_001	donor	outer_0	null_squared_prediction_error_v1	1	622.6409367382499	lower_is_better	all	per_donor	7		200	0	ok_provisional	results/exploratory/p0-03-dev-feasibility/outer_0/outer_0/cnmf_tmp/outer_0.spectra.k_7.dt_2_0.consensus.df.npz
000-full_training_pool-base_identifiable_DEVELOPMENT_r0-outer_0-k7-b70d513b09d3	000	full_training_pool	base_identifiable_DEVELOPMENT_r0	donor_002	donor	outer_0	null_squared_prediction_error_v1	1	516.2926499159362	lower_is_better	all	per_donor	7		200	0	ok_provisional	results/exploratory/p0-03-dev-feasibility/outer_0/outer_0/cnmf_tmp/outer_0.spectra.k_7.dt_2_0.consensus.df.npz
000-full_training_pool-base_identifiable_DEVELOPMENT_r0-outer_0-k7-b70d513b09d3	000	full_training_pool	base_identifiable_DEVELOPMENT_r0	donor_004	donor	outer_0	null_squared_prediction_error_v1	1	836.92429835109	lower_is_better	all	per_donor	7		200	0	ok_provisional	results/exploratory/p0-03-dev-feasibility/outer_0/outer_0/cnmf_tmp/outer_0.spectra.k_7.dt_2_0.consensus.df.npz
000-full_training_pool-base_identifiable_DEVELOPMENT_r0-outer_0-k7-b70d513b09d3	000	full_training_pool	base_identifiable_DEVELOPMENT_r0	donor_008	donor	outer_0	null_squared_prediction_error_v1	1	427.4577046703842	lower_is_better	all	per_donor	7		200	0	ok_provisional	results/exploratory/p0-03-dev-feasibility/outer_0/outer_0/cnmf_tmp/outer_0.spectra.k_7.dt_2_0.consensus.df.npz
000-full_training_pool-base_identifiable_DEVELOPMENT_r0-outer_0-k7-b70d513b09d3	000	full_training_pool	base_identifiable_DEVELOPMENT_r0	donor_012	donor	outer_0	null_squared_prediction_error_v1	1	436.455301380511	lower_is_better	all	per_donor	7		200	0	ok_provisional	results/exploratory/p0-03-dev-feasibility/outer_0/outer_0/cnmf_tmp/outer_0.spectra.k_7.dt_2_0.consensus.df.npz
000-full_training_pool-base_identifiable_DEVELOPMENT_r0-outer_0-k7-b70d513b09d3	000	full_training_pool	base_identifiable_DEVELOPMENT_r0	donor_014	donor	outer_0	null_squared_prediction_error_v1	1	440.02485415475866	lower_is_better	all	per_donor	7		200	0	ok_provisional	results/exploratory/p0-03-dev-feasibility/outer_0/outer_0/cnmf_tmp/outer_0.spectra.k_7.dt_2_0.consensus.df.npz
000-full_training_pool-base_identifiable_DEVELOPMENT_r0-outer_0-k7-b70d513b09d3	000	full_training_pool	base_identifiable_DEVELOPMENT_r0	donor_016	donor	outer_0	null_squared_prediction_error_v1	1	519.3260620540896	lower_is_better	all	per_donor	7		200	0	ok_provisional	results/exploratory/p0-03-dev-feasibility/outer_0/outer_0/cnmf_tmp/outer_0.spectra.k_7.dt_2_0.consensus.df.npz
000-full_training_pool-base_identifiable_DEVELOPMENT_r0-outer_0-k7-b70d513b09d3	000	full_training_pool	base_identifiable_DEVELOPMENT_r0	donor_018	donor	outer_0	null_squared_prediction_error_v1	1	531.3040907407245	lower_is_better	all	per_donor	7		200	0	ok_provisional	results/exploratory/p0-03-dev-feasibility/outer_0/outer_0/cnmf_tmp/outer_0.spectra.k_7.dt_2_0.consensus.df.npz
000-full_training_pool-base_identifiable_DEVELOPMENT_r0-outer_0-k7-b70d513b09d3	000	full_training_pool	base_identifiable_DEVELOPMENT_r0	donor_019	donor	outer_0	null_squared_prediction_error_v1	1	619.9786411813187	lower_is_better	all	per_donor	7		200	0	ok_provisional	results/exploratory/p0-03-dev-feasibility/outer_0/outer_0/cnmf_tmp/outer_0.spectra.k_7.dt_2_0.consensus.df.npz
000-full_training_pool-base_identifiable_DEVELOPMENT_r0-outer_0-k7-b70d513b09d3	000	full_training_pool	base_identifiable_DEVELOPMENT_r0	donor_020	donor	outer_0	null_squared_prediction_error_v1	1	554.8156662073334	lower_is_better	all	per_donor	7		200	0	ok_provisional	results/exploratory/p0-03-dev-feasibility/outer_0/outer_0/cnmf_tmp/outer_0.spectra.k_7.dt_2_0.consensus.df.npz
000-full_training_pool-base_identifiable_DEVELOPMENT_r0-outer_0-k7-b70d513b09d3	000	full_training_pool	base_identifiable_DEVELOPMENT_r0	donor_021	donor	outer_0	null_squared_prediction_error_v1	1	617.3139838483819	lower_is_better	all	per_donor	7		200	0	ok_provisional	results/exploratory/p0-03-dev-feasibility/outer_0/outer_0/cnmf_tmp/outer_0.spectra.k_7.dt_2_0.consensus.df.npz
000-full_training_pool-base_identifiable_DEVELOPMENT_r0-outer_0-k7-b70d513b09d3	000	full_training_pool	base_identifiable_DEVELOPMENT_r0	donor_023	donor	outer_0	null_squared_prediction_error_v1	1	440.4275211257156	lower_is_better	all	per_donor	7		200	0	ok_provisional	results/exploratory/p0-03-dev-feasibility/outer_0/outer_0/cnmf_tmp/outer_0.spectra.k_7.dt_2_0.consensus.df.npz
000-full_training_pool-base_identifiable_DEVELOPMENT_r0-outer_0-k7-b70d513b09d3	000	full_training_pool	base_identifiable_DEVELOPMENT_r0	ALL_TEST_DONORS	donor	outer_0	null_squared_prediction_error_v1	1	546.9134758640411	lower_is_better	all	equal_donor_mean	7		12	0	ok_provisional	results/exploratory/p0-03-dev-feasibility/outer_0/outer_0/cnmf_tmp/outer_0.spectra.k_7.dt_2_0.consensus.df.npz
000-full_training_pool-base_identifiable_DEVELOPMENT_r0-outer_0-k7-b70d513b09d3	000	full_training_pool	base_identifiable_DEVELOPMENT_r0	000-full_training_pool-base_identifiable_DEVELOPMENT_r0-outer_0-k7-b70d513b09d3	experiment	outer_0	wall_seconds_v1	1	1.7832841128110886	lower_is_better	all	experiment	7		1	0	ok_provisional	results/exploratory/p0-03-dev-feasibility/outer_0/outer_0/cnmf_tmp/outer_0.spectra.k_7.dt_2_0.consensus.df.npz
000-full_training_pool-base_identifiable_DEVELOPMENT_r0-outer_0-k7-b70d513b09d3	000	full_training_pool	base_identifiable_DEVELOPMENT_r0	000-full_training_pool-base_identifiable_DEVELOPMENT_r0-outer_0-k7-b70d513b09d3	experiment	outer_0	cpu_seconds_v1	1	1.6956424260000063	lower_is_better	all	experiment	7		1	0	ok_provisional	results/exploratory/p0-03-dev-feasibility/outer_0/outer_0/cnmf_tmp/outer_0.spectra.k_7.dt_2_0.consensus.df.npz
000-full_training_pool-base_identifiable_DEVELOPMENT_r0-outer_0-k7-b70d513b09d3	000	full_training_pool	base_identifiable_DEVELOPMENT_r0	000-full_training_pool-base_identifiable_DEVELOPMENT_r0-outer_0-k7-b70d513b09d3	experiment	outer_0	peak_memory_mb_v1	1	690.3359375	lower_is_better	all	experiment	7		1	0	ok_provisional	results/exploratory/p0-03-dev-feasibility/outer_0/outer_0/cnmf_tmp/outer_0.spectra.k_7.dt_2_0.consensus.df.npz
000-full_training_pool-base_identifiable_DEVELOPMENT_r0-outer_0-k7-b70d513b09d3	000	full_training_pool	base_identifiable_DEVELOPMENT_r0	000-full_training_pool-base_identifiable_DEVELOPMENT_r0-outer_0-k7-b70d513b09d3	experiment	outer_0	failed_fits_v1	1	0	lower_is_better	all	experiment	7		1	0	ok_provisional	results/exploratory/p0-03-dev-feasibility/outer_0/outer_0/cnmf_tmp/outer_0.spectra.k_7.dt_2_0.consensus.df.npz
000-full_training_pool-base_identifiable_DEVELOPMENT_r0-outer_0-k8-dc5eb138b142	000	full_training_pool	base_identifiable_DEVELOPMENT_r0	donor_001	donor	outer_0	heldout_squared_prediction_error_v1	1	465.6782624102803	lower_is_better	all	per_donor	8		200	0	ok_provisional	results/exploratory/p0-03-dev-feasibility/outer_0/outer_0/cnmf_tmp/outer_0.spectra.k_8.dt_2_0.consensus.df.npz
000-full_training_pool-base_identifiable_DEVELOPMENT_r0-outer_0-k8-dc5eb138b142	000	full_training_pool	base_identifiable_DEVELOPMENT_r0	donor_002	donor	outer_0	heldout_squared_prediction_error_v1	1	383.1746125018371	lower_is_better	all	per_donor	8		200	0	ok_provisional	results/exploratory/p0-03-dev-feasibility/outer_0/outer_0/cnmf_tmp/outer_0.spectra.k_8.dt_2_0.consensus.df.npz
000-full_training_pool-base_identifiable_DEVELOPMENT_r0-outer_0-k8-dc5eb138b142	000	full_training_pool	base_identifiable_DEVELOPMENT_r0	donor_004	donor	outer_0	heldout_squared_prediction_error_v1	1	515.9093256184394	lower_is_better	all	per_donor	8		200	0	ok_provisional	results/exploratory/p0-03-dev-feasibility/outer_0/outer_0/cnmf_tmp/outer_0.spectra.k_8.dt_2_0.consensus.df.npz
000-full_training_pool-base_identifiable_DEVELOPMENT_r0-outer_0-k8-dc5eb138b142	000	full_training_pool	base_identifiable_DEVELOPMENT_r0	donor_008	donor	outer_0	heldout_squared_prediction_error_v1	1	391.91359479189066	lower_is_better	all	per_donor	8		200	0	ok_provisional	results/exploratory/p0-03-dev-feasibility/outer_0/outer_0/cnmf_tmp/outer_0.spectra.k_8.dt_2_0.consensus.df.npz
000-full_training_pool-base_identifiable_DEVELOPMENT_r0-outer_0-k8-dc5eb138b142	000	full_training_pool	base_identifiable_DEVELOPMENT_r0	donor_012	donor	outer_0	heldout_squared_prediction_error_v1	1	371.9425132261129	lower_is_better	all	per_donor	8		200	0	ok_provisional	results/exploratory/p0-03-dev-feasibility/outer_0/outer_0/cnmf_tmp/outer_0.spectra.k_8.dt_2_0.consensus.df.npz
000-full_training_pool-base_identifiable_DEVELOPMENT_r0-outer_0-k8-dc5eb138b142	000	full_training_pool	base_identifiable_DEVELOPMENT_r0	donor_014	donor	outer_0	heldout_squared_prediction_error_v1	1	372.0521952026346	lower_is_better	all	per_donor	8		200	0	ok_provisional	results/exploratory/p0-03-dev-feasibility/outer_0/outer_0/cnmf_tmp/outer_0.spectra.k_8.dt_2_0.consensus.df.npz
000-full_training_pool-base_identifiable_DEVELOPMENT_r0-outer_0-k8-dc5eb138b142	000	full_training_pool	base_identifiable_DEVELOPMENT_r0	donor_016	donor	outer_0	heldout_squared_prediction_error_v1	1	399.0787464220573	lower_is_better	all	per_donor	8		200	0	ok_provisional	results/exploratory/p0-03-dev-feasibility/outer_0/outer_0/cnmf_tmp/outer_0.spectra.k_8.dt_2_0.consensus.df.npz
000-full_training_pool-base_identifiable_DEVELOPMENT_r0-outer_0-k8-dc5eb138b142	000	full_training_pool	base_identifiable_DEVELOPMENT_r0	donor_018	donor	outer_0	heldout_squared_prediction_error_v1	1	369.04585350362277	lower_is_better	all	per_donor	8		200	0	ok_provisional	results/exploratory/p0-03-dev-feasibility/outer_0/outer_0/cnmf_tmp/outer_0.spectra.k_8.dt_2_0.consensus.df.npz
000-full_training_pool-base_identifiable_DEVELOPMENT_r0-outer_0-k8-dc5eb138b142	000	full_training_pool	base_identifiable_DEVELOPMENT_r0	donor_019	donor	outer_0	heldout_squared_prediction_error_v1	1	425.98698750308756	lower_is_better	all	per_donor	8		200	0	ok_provisional	results/exploratory/p0-03-dev-feasibility/outer_0/outer_0/cnmf_tmp/outer_0.spectra.k_8.dt_2_0.consensus.df.npz
000-full_training_pool-base_identifiable_DEVELOPMENT_r0-outer_0-k8-dc5eb138b142	000	full_training_pool	base_identifiable_DEVELOPMENT_r0	donor_020	donor	outer_0	heldout_squared_prediction_error_v1	1	424.654380118308	lower_is_better	all	per_donor	8		200	0	ok_provisional	results/exploratory/p0-03-dev-feasibility/outer_0/outer_0/cnmf_tmp/outer_0.spectra.k_8.dt_2_0.consensus.df.npz
000-full_training_pool-base_identifiable_DEVELOPMENT_r0-outer_0-k8-dc5eb138b142	000	full_training_pool	base_identifiable_DEVELOPMENT_r0	donor_021	donor	outer_0	heldout_squared_prediction_error_v1	1	465.4331175941676	lower_is_better	all	per_donor	8		200	0	ok_provisional	results/exploratory/p0-03-dev-feasibility/outer_0/outer_0/cnmf_tmp/outer_0.spectra.k_8.dt_2_0.consensus.df.npz
000-full_training_pool-base_identifiable_DEVELOPMENT_r0-outer_0-k8-dc5eb138b142	000	full_training_pool	base_identifiable_DEVELOPMENT_r0	donor_023	donor	outer_0	heldout_squared_prediction_error_v1	1	402.3857129993661	lower_is_better	all	per_donor	8		200	0	ok_provisional	results/exploratory/p0-03-dev-feasibility/outer_0/outer_0/cnmf_tmp/outer_0.spectra.k_8.dt_2_0.consensus.df.npz
000-full_training_pool-base_identifiable_DEVELOPMENT_r0-outer_0-k8-dc5eb138b142	000	full_training_pool	base_identifiable_DEVELOPMENT_r0	ALL_TEST_DONORS	donor	outer_0	heldout_squared_prediction_error_v1	1	415.6046084909837	lower_is_better	all	equal_donor_mean	8		12	0	ok_provisional	results/exploratory/p0-03-dev-feasibility/outer_0/outer_0/cnmf_tmp/outer_0.spectra.k_8.dt_2_0.consensus.df.npz
000-full_training_pool-base_identifiable_DEVELOPMENT_r0-outer_0-k8-dc5eb138b142	000	full_training_pool	base_identifiable_DEVELOPMENT_r0	donor_001	donor	outer_0	heldout_squared_prediction_error_counts_v1	1	1125.5311159131538	lower_is_better	all	per_donor	8		200	0	ok_provisional	results/exploratory/p0-03-dev-feasibility/outer_0/outer_0/cnmf_tmp/outer_0.spectra.k_8.dt_2_0.consensus.df.npz
000-full_training_pool-base_identifiable_DEVELOPMENT_r0-outer_0-k8-dc5eb138b142	000	full_training_pool	base_identifiable_DEVELOPMENT_r0	donor_002	donor	outer_0	heldout_squared_prediction_error_counts_v1	1	949.0469670678242	lower_is_better	all	per_donor	8		200	0	ok_provisional	results/exploratory/p0-03-dev-feasibility/outer_0/outer_0/cnmf_tmp/outer_0.spectra.k_8.dt_2_0.consensus.df.npz
000-full_training_pool-base_identifiable_DEVELOPMENT_r0-outer_0-k8-dc5eb138b142	000	full_training_pool	base_identifiable_DEVELOPMENT_r0	donor_004	donor	outer_0	heldout_squared_prediction_error_counts_v1	1	1254.6374979199318	lower_is_better	all	per_donor	8		200	0	ok_provisional	results/exploratory/p0-03-dev-feasibility/outer_0/outer_0/cnmf_tmp/outer_0.spectra.k_8.dt_2_0.consensus.df.npz
000-full_training_pool-base_identifiable_DEVELOPMENT_r0-outer_0-k8-dc5eb138b142	000	full_training_pool	base_identifiable_DEVELOPMENT_r0	donor_008	donor	outer_0	heldout_squared_prediction_error_counts_v1	1	918.5473521539722	lower_is_better	all	per_donor	8		200	0	ok_provisional	results/exploratory/p0-03-dev-feasibility/outer_0/outer_0/cnmf_tmp/outer_0.spectra.k_8.dt_2_0.consensus.df.npz
000-full_training_pool-base_identifiable_DEVELOPMENT_r0-outer_0-k8-dc5eb138b142	000	full_training_pool	base_identifiable_DEVELOPMENT_r0	donor_012	donor	outer_0	heldout_squared_prediction_error_counts_v1	1	871.2706788355438	lower_is_better	all	per_donor	8		200	0	ok_provisional	results/exploratory/p0-03-dev-feasibility/outer_0/outer_0/cnmf_tmp/outer_0.spectra.k_8.dt_2_0.consensus.df.npz
000-full_training_pool-base_identifiable_DEVELOPMENT_r0-outer_0-k8-dc5eb138b142	000	full_training_pool	base_identifiable_DEVELOPMENT_r0	donor_014	donor	outer_0	heldout_squared_prediction_error_counts_v1	1	886.9719689119048	lower_is_better	all	per_donor	8		200	0	ok_provisional	results/exploratory/p0-03-dev-feasibility/outer_0/outer_0/cnmf_tmp/outer_0.spectra.k_8.dt_2_0.consensus.df.npz
000-full_training_pool-base_identifiable_DEVELOPMENT_r0-outer_0-k8-dc5eb138b142	000	full_training_pool	base_identifiable_DEVELOPMENT_r0	donor_016	donor	outer_0	heldout_squared_prediction_error_counts_v1	1	975.2544491243057	lower_is_better	all	per_donor	8		200	0	ok_provisional	results/exploratory/p0-03-dev-feasibility/outer_0/outer_0/cnmf_tmp/outer_0.spectra.k_8.dt_2_0.consensus.df.npz
000-full_training_pool-base_identifiable_DEVELOPMENT_r0-outer_0-k8-dc5eb138b142	000	full_training_pool	base_identifiable_DEVELOPMENT_r0	donor_018	donor	outer_0	heldout_squared_prediction_error_counts_v1	1	819.6564653605693	lower_is_better	all	per_donor	8		200	0	ok_provisional	results/exploratory/p0-03-dev-feasibility/outer_0/outer_0/cnmf_tmp/outer_0.spectra.k_8.dt_2_0.consensus.df.npz
000-full_training_pool-base_identifiable_DEVELOPMENT_r0-outer_0-k8-dc5eb138b142	000	full_training_pool	base_identifiable_DEVELOPMENT_r0	donor_019	donor	outer_0	heldout_squared_prediction_error_counts_v1	1	1008.9599086796268	lower_is_better	all	per_donor	8		200	0	ok_provisional	results/exploratory/p0-03-dev-feasibility/outer_0/outer_0/cnmf_tmp/outer_0.spectra.k_8.dt_2_0.consensus.df.npz
000-full_training_pool-base_identifiable_DEVELOPMENT_r0-outer_0-k8-dc5eb138b142	000	full_training_pool	base_identifiable_DEVELOPMENT_r0	donor_020	donor	outer_0	heldout_squared_prediction_error_counts_v1	1	982.1951713389469	lower_is_better	all	per_donor	8		200	0	ok_provisional	results/exploratory/p0-03-dev-feasibility/outer_0/outer_0/cnmf_tmp/outer_0.spectra.k_8.dt_2_0.consensus.df.npz
000-full_training_pool-base_identifiable_DEVELOPMENT_r0-outer_0-k8-dc5eb138b142	000	full_training_pool	base_identifiable_DEVELOPMENT_r0	donor_021	donor	outer_0	heldout_squared_prediction_error_counts_v1	1	1093.927072814021	lower_is_better	all	per_donor	8		200	0	ok_provisional	results/exploratory/p0-03-dev-feasibility/outer_0/outer_0/cnmf_tmp/outer_0.spectra.k_8.dt_2_0.consensus.df.npz
000-full_training_pool-base_identifiable_DEVELOPMENT_r0-outer_0-k8-dc5eb138b142	000	full_training_pool	base_identifiable_DEVELOPMENT_r0	donor_023	donor	outer_0	heldout_squared_prediction_error_counts_v1	1	946.6678453296464	lower_is_better	all	per_donor	8		200	0	ok_provisional	results/exploratory/p0-03-dev-feasibility/outer_0/outer_0/cnmf_tmp/outer_0.spectra.k_8.dt_2_0.consensus.df.npz
000-full_training_pool-base_identifiable_DEVELOPMENT_r0-outer_0-k8-dc5eb138b142	000	full_training_pool	base_identifiable_DEVELOPMENT_r0	ALL_TEST_DONORS	donor	outer_0	heldout_squared_prediction_error_counts_v1	1	986.0555411207871	lower_is_better	all	equal_donor_mean	8		12	0	ok_provisional	results/exploratory/p0-03-dev-feasibility/outer_0/outer_0/cnmf_tmp/outer_0.spectra.k_8.dt_2_0.consensus.df.npz
000-full_training_pool-base_identifiable_DEVELOPMENT_r0-outer_0-k8-dc5eb138b142	000	full_training_pool	base_identifiable_DEVELOPMENT_r0	donor_001	donor	outer_0	null_squared_prediction_error_v1	1	622.6409367382499	lower_is_better	all	per_donor	8		200	0	ok_provisional	results/exploratory/p0-03-dev-feasibility/outer_0/outer_0/cnmf_tmp/outer_0.spectra.k_8.dt_2_0.consensus.df.npz
000-full_training_pool-base_identifiable_DEVELOPMENT_r0-outer_0-k8-dc5eb138b142	000	full_training_pool	base_identifiable_DEVELOPMENT_r0	donor_002	donor	outer_0	null_squared_prediction_error_v1	1	516.2926499159362	lower_is_better	all	per_donor	8		200	0	ok_provisional	results/exploratory/p0-03-dev-feasibility/outer_0/outer_0/cnmf_tmp/outer_0.spectra.k_8.dt_2_0.consensus.df.npz
000-full_training_pool-base_identifiable_DEVELOPMENT_r0-outer_0-k8-dc5eb138b142	000	full_training_pool	base_identifiable_DEVELOPMENT_r0	donor_004	donor	outer_0	null_squared_prediction_error_v1	1	836.92429835109	lower_is_better	all	per_donor	8		200	0	ok_provisional	results/exploratory/p0-03-dev-feasibility/outer_0/outer_0/cnmf_tmp/outer_0.spectra.k_8.dt_2_0.consensus.df.npz
000-full_training_pool-base_identifiable_DEVELOPMENT_r0-outer_0-k8-dc5eb138b142	000	full_training_pool	base_identifiable_DEVELOPMENT_r0	donor_008	donor	outer_0	null_squared_prediction_error_v1	1	427.4577046703842	lower_is_better	all	per_donor	8		200	0	ok_provisional	results/exploratory/p0-03-dev-feasibility/outer_0/outer_0/cnmf_tmp/outer_0.spectra.k_8.dt_2_0.consensus.df.npz
000-full_training_pool-base_identifiable_DEVELOPMENT_r0-outer_0-k8-dc5eb138b142	000	full_training_pool	base_identifiable_DEVELOPMENT_r0	donor_012	donor	outer_0	null_squared_prediction_error_v1	1	436.455301380511	lower_is_better	all	per_donor	8		200	0	ok_provisional	results/exploratory/p0-03-dev-feasibility/outer_0/outer_0/cnmf_tmp/outer_0.spectra.k_8.dt_2_0.consensus.df.npz
000-full_training_pool-base_identifiable_DEVELOPMENT_r0-outer_0-k8-dc5eb138b142	000	full_training_pool	base_identifiable_DEVELOPMENT_r0	donor_014	donor	outer_0	null_squared_prediction_error_v1	1	440.02485415475866	lower_is_better	all	per_donor	8		200	0	ok_provisional	results/exploratory/p0-03-dev-feasibility/outer_0/outer_0/cnmf_tmp/outer_0.spectra.k_8.dt_2_0.consensus.df.npz
000-full_training_pool-base_identifiable_DEVELOPMENT_r0-outer_0-k8-dc5eb138b142	000	full_training_pool	base_identifiable_DEVELOPMENT_r0	donor_016	donor	outer_0	null_squared_prediction_error_v1	1	519.3260620540896	lower_is_better	all	per_donor	8		200	0	ok_provisional	results/exploratory/p0-03-dev-feasibility/outer_0/outer_0/cnmf_tmp/outer_0.spectra.k_8.dt_2_0.consensus.df.npz
000-full_training_pool-base_identifiable_DEVELOPMENT_r0-outer_0-k8-dc5eb138b142	000	full_training_pool	base_identifiable_DEVELOPMENT_r0	donor_018	donor	outer_0	null_squared_prediction_error_v1	1	531.3040907407245	lower_is_better	all	per_donor	8		200	0	ok_provisional	results/exploratory/p0-03-dev-feasibility/outer_0/outer_0/cnmf_tmp/outer_0.spectra.k_8.dt_2_0.consensus.df.npz
000-full_training_pool-base_identifiable_DEVELOPMENT_r0-outer_0-k8-dc5eb138b142	000	full_training_pool	base_identifiable_DEVELOPMENT_r0	donor_019	donor	outer_0	null_squared_prediction_error_v1	1	619.9786411813187	lower_is_better	all	per_donor	8		200	0	ok_provisional	results/exploratory/p0-03-dev-feasibility/outer_0/outer_0/cnmf_tmp/outer_0.spectra.k_8.dt_2_0.consensus.df.npz
000-full_training_pool-base_identifiable_DEVELOPMENT_r0-outer_0-k8-dc5eb138b142	000	full_training_pool	base_identifiable_DEVELOPMENT_r0	donor_020	donor	outer_0	null_squared_prediction_error_v1	1	554.8156662073334	lower_is_better	all	per_donor	8		200	0	ok_provisional	results/exploratory/p0-03-dev-feasibility/outer_0/outer_0/cnmf_tmp/outer_0.spectra.k_8.dt_2_0.consensus.df.npz
000-full_training_pool-base_identifiable_DEVELOPMENT_r0-outer_0-k8-dc5eb138b142	000	full_training_pool	base_identifiable_DEVELOPMENT_r0	donor_021	donor	outer_0	null_squared_prediction_error_v1	1	617.3139838483819	lower_is_better	all	per_donor	8		200	0	ok_provisional	results/exploratory/p0-03-dev-feasibility/outer_0/outer_0/cnmf_tmp/outer_0.spectra.k_8.dt_2_0.consensus.df.npz
000-full_training_pool-base_identifiable_DEVELOPMENT_r0-outer_0-k8-dc5eb138b142	000	full_training_pool	base_identifiable_DEVELOPMENT_r0	donor_023	donor	outer_0	null_squared_prediction_error_v1	1	440.4275211257156	lower_is_better	all	per_donor	8		200	0	ok_provisional	results/exploratory/p0-03-dev-feasibility/outer_0/outer_0/cnmf_tmp/outer_0.spectra.k_8.dt_2_0.consensus.df.npz
000-full_training_pool-base_identifiable_DEVELOPMENT_r0-outer_0-k8-dc5eb138b142	000	full_training_pool	base_identifiable_DEVELOPMENT_r0	ALL_TEST_DONORS	donor	outer_0	null_squared_prediction_error_v1	1	546.9134758640411	lower_is_better	all	equal_donor_mean	8		12	0	ok_provisional	results/exploratory/p0-03-dev-feasibility/outer_0/outer_0/cnmf_tmp/outer_0.spectra.k_8.dt_2_0.consensus.df.npz
000-full_training_pool-base_identifiable_DEVELOPMENT_r0-outer_0-k8-dc5eb138b142	000	full_training_pool	base_identifiable_DEVELOPMENT_r0	000-full_training_pool-base_identifiable_DEVELOPMENT_r0-outer_0-k8-dc5eb138b142	experiment	outer_0	wall_seconds_v1	1	2.033124034758657	lower_is_better	all	experiment	8		1	0	ok_provisional	results/exploratory/p0-03-dev-feasibility/outer_0/outer_0/cnmf_tmp/outer_0.spectra.k_8.dt_2_0.consensus.df.npz
000-full_training_pool-base_identifiable_DEVELOPMENT_r0-outer_0-k8-dc5eb138b142	000	full_training_pool	base_identifiable_DEVELOPMENT_r0	000-full_training_pool-base_identifiable_DEVELOPMENT_r0-outer_0-k8-dc5eb138b142	experiment	outer_0	cpu_seconds_v1	1	1.8838402050000127	lower_is_better	all	experiment	8		1	0	ok_provisional	results/exploratory/p0-03-dev-feasibility/outer_0/outer_0/cnmf_tmp/outer_0.spectra.k_8.dt_2_0.consensus.df.npz
000-full_training_pool-base_identifiable_DEVELOPMENT_r0-outer_0-k8-dc5eb138b142	000	full_training_pool	base_identifiable_DEVELOPMENT_r0	000-full_training_pool-base_identifiable_DEVELOPMENT_r0-outer_0-k8-dc5eb138b142	experiment	outer_0	peak_memory_mb_v1	1	709.203125	lower_is_better	all	experiment	8		1	0	ok_provisional	results/exploratory/p0-03-dev-feasibility/outer_0/outer_0/cnmf_tmp/outer_0.spectra.k_8.dt_2_0.consensus.df.npz
000-full_training_pool-base_identifiable_DEVELOPMENT_r0-outer_0-k8-dc5eb138b142	000	full_training_pool	base_identifiable_DEVELOPMENT_r0	000-full_training_pool-base_identifiable_DEVELOPMENT_r0-outer_0-k8-dc5eb138b142	experiment	outer_0	failed_fits_v1	1	0	lower_is_better	all	experiment	8		1	0	ok_provisional	results/exploratory/p0-03-dev-feasibility/outer_0/outer_0/cnmf_tmp/outer_0.spectra.k_8.dt_2_0.consensus.df.npz
000-full_training_pool-base_identifiable_DEVELOPMENT_r0-outer_0-k9-8534498f4955	000	full_training_pool	base_identifiable_DEVELOPMENT_r0	donor_001	donor	outer_0	heldout_squared_prediction_error_v1	1	466.0231295160226	lower_is_better	all	per_donor	9		200	0	ok_provisional	results/exploratory/p0-03-dev-feasibility/outer_0/outer_0/cnmf_tmp/outer_0.spectra.k_9.dt_2_0.consensus.df.npz
000-full_training_pool-base_identifiable_DEVELOPMENT_r0-outer_0-k9-8534498f4955	000	full_training_pool	base_identifiable_DEVELOPMENT_r0	donor_002	donor	outer_0	heldout_squared_prediction_error_v1	1	383.4349508405654	lower_is_better	all	per_donor	9		200	0	ok_provisional	results/exploratory/p0-03-dev-feasibility/outer_0/outer_0/cnmf_tmp/outer_0.spectra.k_9.dt_2_0.consensus.df.npz
000-full_training_pool-base_identifiable_DEVELOPMENT_r0-outer_0-k9-8534498f4955	000	full_training_pool	base_identifiable_DEVELOPMENT_r0	donor_004	donor	outer_0	heldout_squared_prediction_error_v1	1	515.9733855464241	lower_is_better	all	per_donor	9		200	0	ok_provisional	results/exploratory/p0-03-dev-feasibility/outer_0/outer_0/cnmf_tmp/outer_0.spectra.k_9.dt_2_0.consensus.df.npz
000-full_training_pool-base_identifiable_DEVELOPMENT_r0-outer_0-k9-8534498f4955	000	full_training_pool	base_identifiable_DEVELOPMENT_r0	donor_008	donor	outer_0	heldout_squared_prediction_error_v1	1	392.5934268110139	lower_is_better	all	per_donor	9		200	0	ok_provisional	results/exploratory/p0-03-dev-feasibility/outer_0/outer_0/cnmf_tmp/outer_0.spectra.k_9.dt_2_0.consensus.df.npz
000-full_training_pool-base_identifiable_DEVELOPMENT_r0-outer_0-k9-8534498f4955	000	full_training_pool	base_identifiable_DEVELOPMENT_r0	donor_012	donor	outer_0	heldout_squared_prediction_error_v1	1	372.4535022286116	lower_is_better	all	per_donor	9		200	0	ok_provisional	results/exploratory/p0-03-dev-feasibility/outer_0/outer_0/cnmf_tmp/outer_0.spectra.k_9.dt_2_0.consensus.df.npz
000-full_training_pool-base_identifiable_DEVELOPMENT_r0-outer_0-k9-8534498f4955	000	full_training_pool	base_identifiable_DEVELOPMENT_r0	donor_014	donor	outer_0	heldout_squared_prediction_error_v1	1	372.52266589159683	lower_is_better	all	per_donor	9		200	0	ok_provisional	results/exploratory/p0-03-dev-feasibility/outer_0/outer_0/cnmf_tmp/outer_0.spectra.k_9.dt_2_0.consensus.df.npz
000-full_training_pool-base_identifiable_DEVELOPMENT_r0-outer_0-k9-8534498f4955	000	full_training_pool	base_identifiable_DEVELOPMENT_r0	donor_016	donor	outer_0	heldout_squared_prediction_error_v1	1	399.4724092708313	lower_is_better	all	per_donor	9		200	0	ok_provisional	results/exploratory/p0-03-dev-feasibility/outer_0/outer_0/cnmf_tmp/outer_0.spectra.k_9.dt_2_0.consensus.df.npz
000-full_training_pool-base_identifiable_DEVELOPMENT_r0-outer_0-k9-8534498f4955	000	full_training_pool	base_identifiable_DEVELOPMENT_r0	donor_018	donor	outer_0	heldout_squared_prediction_error_v1	1	369.4706590129169	lower_is_better	all	per_donor	9		200	0	ok_provisional	results/exploratory/p0-03-dev-feasibility/outer_0/outer_0/cnmf_tmp/outer_0.spectra.k_9.dt_2_0.consensus.df.npz
000-full_training_pool-base_identifiable_DEVELOPMENT_r0-outer_0-k9-8534498f4955	000	full_training_pool	base_identifiable_DEVELOPMENT_r0	donor_019	donor	outer_0	heldout_squared_prediction_error_v1	1	426.02150045905915	lower_is_better	all	per_donor	9		200	0	ok_provisional	results/exploratory/p0-03-dev-feasibility/outer_0/outer_0/cnmf_tmp/outer_0.spectra.k_9.dt_2_0.consensus.df.npz
000-full_training_pool-base_identifiable_DEVELOPMENT_r0-outer_0-k9-8534498f4955	000	full_training_pool	base_identifiable_DEVELOPMENT_r0	donor_020	donor	outer_0	heldout_squared_prediction_error_v1	1	425.095527078563	lower_is_better	all	per_donor	9		200	0	ok_provisional	results/exploratory/p0-03-dev-feasibility/outer_0/outer_0/cnmf_tmp/outer_0.spectra.k_9.dt_2_0.consensus.df.npz
000-full_training_pool-base_identifiable_DEVELOPMENT_r0-outer_0-k9-8534498f4955	000	full_training_pool	base_identifiable_DEVELOPMENT_r0	donor_021	donor	outer_0	heldout_squared_prediction_error_v1	1	466.1333223753629	lower_is_better	all	per_donor	9		200	0	ok_provisional	results/exploratory/p0-03-dev-feasibility/outer_0/outer_0/cnmf_tmp/outer_0.spectra.k_9.dt_2_0.consensus.df.npz
000-full_training_pool-base_identifiable_DEVELOPMENT_r0-outer_0-k9-8534498f4955	000	full_training_pool	base_identifiable_DEVELOPMENT_r0	donor_023	donor	outer_0	heldout_squared_prediction_error_v1	1	402.756628044729	lower_is_better	all	per_donor	9		200	0	ok_provisional	results/exploratory/p0-03-dev-feasibility/outer_0/outer_0/cnmf_tmp/outer_0.spectra.k_9.dt_2_0.consensus.df.npz
000-full_training_pool-base_identifiable_DEVELOPMENT_r0-outer_0-k9-8534498f4955	000	full_training_pool	base_identifiable_DEVELOPMENT_r0	ALL_TEST_DONORS	donor	outer_0	heldout_squared_prediction_error_v1	1	415.99592558964144	lower_is_better	all	equal_donor_mean	9		12	0	ok_provisional	results/exploratory/p0-03-dev-feasibility/outer_0/outer_0/cnmf_tmp/outer_0.spectra.k_9.dt_2_0.consensus.df.npz
000-full_training_pool-base_identifiable_DEVELOPMENT_r0-outer_0-k9-8534498f4955	000	full_training_pool	base_identifiable_DEVELOPMENT_r0	donor_001	donor	outer_0	heldout_squared_prediction_error_counts_v1	1	1127.1287098970524	lower_is_better	all	per_donor	9		200	0	ok_provisional	results/exploratory/p0-03-dev-feasibility/outer_0/outer_0/cnmf_tmp/outer_0.spectra.k_9.dt_2_0.consensus.df.npz
000-full_training_pool-base_identifiable_DEVELOPMENT_r0-outer_0-k9-8534498f4955	000	full_training_pool	base_identifiable_DEVELOPMENT_r0	donor_002	donor	outer_0	heldout_squared_prediction_error_counts_v1	1	947.1017235481908	lower_is_better	all	per_donor	9		200	0	ok_provisional	results/exploratory/p0-03-dev-feasibility/outer_0/outer_0/cnmf_tmp/outer_0.spectra.k_9.dt_2_0.consensus.df.npz
000-full_training_pool-base_identifiable_DEVELOPMENT_r0-outer_0-k9-8534498f4955	000	full_training_pool	base_identifiable_DEVELOPMENT_r0	donor_004	donor	outer_0	heldout_squared_prediction_error_counts_v1	1	1252.767117287634	lower_is_better	all	per_donor	9		200	0	ok_provisional	results/exploratory/p0-03-dev-feasibility/outer_0/outer_0/cnmf_tmp/outer_0.spectra.k_9.dt_2_0.consensus.df.npz
000-full_training_pool-base_identifiable_DEVELOPMENT_r0-outer_0-k9-8534498f4955	000	full_training_pool	base_identifiable_DEVELOPMENT_r0	donor_008	donor	outer_0	heldout_squared_prediction_error_counts_v1	1	918.5693396440398	lower_is_better	all	per_donor	9		200	0	ok_provisional	results/exploratory/p0-03-dev-feasibility/outer_0/outer_0/cnmf_tmp/outer_0.spectra.k_9.dt_2_0.consensus.df.npz
000-full_training_pool-base_identifiable_DEVELOPMENT_r0-outer_0-k9-8534498f4955	000	full_training_pool	base_identifiable_DEVELOPMENT_r0	donor_012	donor	outer_0	heldout_squared_prediction_error_counts_v1	1	872.8908460595785	lower_is_better	all	per_donor	9		200	0	ok_provisional	results/exploratory/p0-03-dev-feasibility/outer_0/outer_0/cnmf_tmp/outer_0.spectra.k_9.dt_2_0.consensus.df.npz
000-full_training_pool-base_identifiable_DEVELOPMENT_r0-outer_0-k9-8534498f4955	000	full_training_pool	base_identifiable_DEVELOPMENT_r0	donor_014	donor	outer_0	heldout_squared_prediction_error_counts_v1	1	886.243040138614	lower_is_better	all	per_donor	9		200	0	ok_provisional	results/exploratory/p0-03-dev-feasibility/outer_0/outer_0/cnmf_tmp/outer_0.spectra.k_9.dt_2_0.consensus.df.npz
000-full_training_pool-base_identifiable_DEVELOPMENT_r0-outer_0-k9-8534498f4955	000	full_training_pool	base_identifiable_DEVELOPMENT_r0	donor_016	donor	outer_0	heldout_squared_prediction_error_counts_v1	1	974.399143625612	lower_is_better	all	per_donor	9		200	0	ok_provisional	results/exploratory/p0-03-dev-feasibility/outer_0/outer_0/cnmf_tmp/outer_0.spectra.k_9.dt_2_0.consensus.df.npz
000-full_training_pool-base_identifiable_DEVELOPMENT_r0-outer_0-k9-8534498f4955	000	full_training_pool	base_identifiable_DEVELOPMENT_r0	donor_018	donor	outer_0	heldout_squared_prediction_error_counts_v1	1	819.605100545999	lower_is_better	all	per_donor	9		200	0	ok_provisional	results/exploratory/p0-03-dev-feasibility/outer_0/outer_0/cnmf_tmp/outer_0.spectra.k_9.dt_2_0.consensus.df.npz
000-full_training_pool-base_identifiable_DEVELOPMENT_r0-outer_0-k9-8534498f4955	000	full_training_pool	base_identifiable_DEVELOPMENT_r0	donor_019	donor	outer_0	heldout_squared_prediction_error_counts_v1	1	1008.4685859176685	lower_is_better	all	per_donor	9		200	0	ok_provisional	results/exploratory/p0-03-dev-feasibility/outer_0/outer_0/cnmf_tmp/outer_0.spectra.k_9.dt_2_0.consensus.df.npz
000-full_training_pool-base_identifiable_DEVELOPMENT_r0-outer_0-k9-8534498f4955	000	full_training_pool	base_identifiable_DEVELOPMENT_r0	donor_020	donor	outer_0	heldout_squared_prediction_error_counts_v1	1	983.4230606494544	lower_is_better	all	per_donor	9		200	0	ok_provisional	results/exploratory/p0-03-dev-feasibility/outer_0/outer_0/cnmf_tmp/outer_0.spectra.k_9.dt_2_0.consensus.df.npz
000-full_training_pool-base_identifiable_DEVELOPMENT_r0-outer_0-k9-8534498f4955	000	full_training_pool	base_identifiable_DEVELOPMENT_r0	donor_021	donor	outer_0	heldout_squared_prediction_error_counts_v1	1	1094.1518901403856	lower_is_better	all	per_donor	9		200	0	ok_provisional	results/exploratory/p0-03-dev-feasibility/outer_0/outer_0/cnmf_tmp/outer_0.spectra.k_9.dt_2_0.consensus.df.npz
000-full_training_pool-base_identifiable_DEVELOPMENT_r0-outer_0-k9-8534498f4955	000	full_training_pool	base_identifiable_DEVELOPMENT_r0	donor_023	donor	outer_0	heldout_squared_prediction_error_counts_v1	1	945.8339109519412	lower_is_better	all	per_donor	9		200	0	ok_provisional	results/exploratory/p0-03-dev-feasibility/outer_0/outer_0/cnmf_tmp/outer_0.spectra.k_9.dt_2_0.consensus.df.npz
000-full_training_pool-base_identifiable_DEVELOPMENT_r0-outer_0-k9-8534498f4955	000	full_training_pool	base_identifiable_DEVELOPMENT_r0	ALL_TEST_DONORS	donor	outer_0	heldout_squared_prediction_error_counts_v1	1	985.8818723671808	lower_is_better	all	equal_donor_mean	9		12	0	ok_provisional	results/exploratory/p0-03-dev-feasibility/outer_0/outer_0/cnmf_tmp/outer_0.spectra.k_9.dt_2_0.consensus.df.npz
000-full_training_pool-base_identifiable_DEVELOPMENT_r0-outer_0-k9-8534498f4955	000	full_training_pool	base_identifiable_DEVELOPMENT_r0	donor_001	donor	outer_0	null_squared_prediction_error_v1	1	622.6409367382499	lower_is_better	all	per_donor	9		200	0	ok_provisional	results/exploratory/p0-03-dev-feasibility/outer_0/outer_0/cnmf_tmp/outer_0.spectra.k_9.dt_2_0.consensus.df.npz
000-full_training_pool-base_identifiable_DEVELOPMENT_r0-outer_0-k9-8534498f4955	000	full_training_pool	base_identifiable_DEVELOPMENT_r0	donor_002	donor	outer_0	null_squared_prediction_error_v1	1	516.2926499159362	lower_is_better	all	per_donor	9		200	0	ok_provisional	results/exploratory/p0-03-dev-feasibility/outer_0/outer_0/cnmf_tmp/outer_0.spectra.k_9.dt_2_0.consensus.df.npz
000-full_training_pool-base_identifiable_DEVELOPMENT_r0-outer_0-k9-8534498f4955	000	full_training_pool	base_identifiable_DEVELOPMENT_r0	donor_004	donor	outer_0	null_squared_prediction_error_v1	1	836.92429835109	lower_is_better	all	per_donor	9		200	0	ok_provisional	results/exploratory/p0-03-dev-feasibility/outer_0/outer_0/cnmf_tmp/outer_0.spectra.k_9.dt_2_0.consensus.df.npz
000-full_training_pool-base_identifiable_DEVELOPMENT_r0-outer_0-k9-8534498f4955	000	full_training_pool	base_identifiable_DEVELOPMENT_r0	donor_008	donor	outer_0	null_squared_prediction_error_v1	1	427.4577046703842	lower_is_better	all	per_donor	9		200	0	ok_provisional	results/exploratory/p0-03-dev-feasibility/outer_0/outer_0/cnmf_tmp/outer_0.spectra.k_9.dt_2_0.consensus.df.npz
000-full_training_pool-base_identifiable_DEVELOPMENT_r0-outer_0-k9-8534498f4955	000	full_training_pool	base_identifiable_DEVELOPMENT_r0	donor_012	donor	outer_0	null_squared_prediction_error_v1	1	436.455301380511	lower_is_better	all	per_donor	9		200	0	ok_provisional	results/exploratory/p0-03-dev-feasibility/outer_0/outer_0/cnmf_tmp/outer_0.spectra.k_9.dt_2_0.consensus.df.npz
000-full_training_pool-base_identifiable_DEVELOPMENT_r0-outer_0-k9-8534498f4955	000	full_training_pool	base_identifiable_DEVELOPMENT_r0	donor_014	donor	outer_0	null_squared_prediction_error_v1	1	440.02485415475866	lower_is_better	all	per_donor	9		200	0	ok_provisional	results/exploratory/p0-03-dev-feasibility/outer_0/outer_0/cnmf_tmp/outer_0.spectra.k_9.dt_2_0.consensus.df.npz
000-full_training_pool-base_identifiable_DEVELOPMENT_r0-outer_0-k9-8534498f4955	000	full_training_pool	base_identifiable_DEVELOPMENT_r0	donor_016	donor	outer_0	null_squared_prediction_error_v1	1	519.3260620540896	lower_is_better	all	per_donor	9		200	0	ok_provisional	results/exploratory/p0-03-dev-feasibility/outer_0/outer_0/cnmf_tmp/outer_0.spectra.k_9.dt_2_0.consensus.df.npz
000-full_training_pool-base_identifiable_DEVELOPMENT_r0-outer_0-k9-8534498f4955	000	full_training_pool	base_identifiable_DEVELOPMENT_r0	donor_018	donor	outer_0	null_squared_prediction_error_v1	1	531.3040907407245	lower_is_better	all	per_donor	9		200	0	ok_provisional	results/exploratory/p0-03-dev-feasibility/outer_0/outer_0/cnmf_tmp/outer_0.spectra.k_9.dt_2_0.consensus.df.npz
000-full_training_pool-base_identifiable_DEVELOPMENT_r0-outer_0-k9-8534498f4955	000	full_training_pool	base_identifiable_DEVELOPMENT_r0	donor_019	donor	outer_0	null_squared_prediction_error_v1	1	619.9786411813187	lower_is_better	all	per_donor	9		200	0	ok_provisional	results/exploratory/p0-03-dev-feasibility/outer_0/outer_0/cnmf_tmp/outer_0.spectra.k_9.dt_2_0.consensus.df.npz
000-full_training_pool-base_identifiable_DEVELOPMENT_r0-outer_0-k9-8534498f4955	000	full_training_pool	base_identifiable_DEVELOPMENT_r0	donor_020	donor	outer_0	null_squared_prediction_error_v1	1	554.8156662073334	lower_is_better	all	per_donor	9		200	0	ok_provisional	results/exploratory/p0-03-dev-feasibility/outer_0/outer_0/cnmf_tmp/outer_0.spectra.k_9.dt_2_0.consensus.df.npz
000-full_training_pool-base_identifiable_DEVELOPMENT_r0-outer_0-k9-8534498f4955	000	full_training_pool	base_identifiable_DEVELOPMENT_r0	donor_021	donor	outer_0	null_squared_prediction_error_v1	1	617.3139838483819	lower_is_better	all	per_donor	9		200	0	ok_provisional	results/exploratory/p0-03-dev-feasibility/outer_0/outer_0/cnmf_tmp/outer_0.spectra.k_9.dt_2_0.consensus.df.npz
000-full_training_pool-base_identifiable_DEVELOPMENT_r0-outer_0-k9-8534498f4955	000	full_training_pool	base_identifiable_DEVELOPMENT_r0	donor_023	donor	outer_0	null_squared_prediction_error_v1	1	440.4275211257156	lower_is_better	all	per_donor	9		200	0	ok_provisional	results/exploratory/p0-03-dev-feasibility/outer_0/outer_0/cnmf_tmp/outer_0.spectra.k_9.dt_2_0.consensus.df.npz
000-full_training_pool-base_identifiable_DEVELOPMENT_r0-outer_0-k9-8534498f4955	000	full_training_pool	base_identifiable_DEVELOPMENT_r0	ALL_TEST_DONORS	donor	outer_0	null_squared_prediction_error_v1	1	546.9134758640411	lower_is_better	all	equal_donor_mean	9		12	0	ok_provisional	results/exploratory/p0-03-dev-feasibility/outer_0/outer_0/cnmf_tmp/outer_0.spectra.k_9.dt_2_0.consensus.df.npz
000-full_training_pool-base_identifiable_DEVELOPMENT_r0-outer_0-k9-8534498f4955	000	full_training_pool	base_identifiable_DEVELOPMENT_r0	000-full_training_pool-base_identifiable_DEVELOPMENT_r0-outer_0-k9-8534498f4955	experiment	outer_0	wall_seconds_v1	1	2.2291346420533955	lower_is_better	all	experiment	9		1	0	ok_provisional	results/exploratory/p0-03-dev-feasibility/outer_0/outer_0/cnmf_tmp/outer_0.spectra.k_9.dt_2_0.consensus.df.npz
000-full_training_pool-base_identifiable_DEVELOPMENT_r0-outer_0-k9-8534498f4955	000	full_training_pool	base_identifiable_DEVELOPMENT_r0	000-full_training_pool-base_identifiable_DEVELOPMENT_r0-outer_0-k9-8534498f4955	experiment	outer_0	cpu_seconds_v1	1	2.1306249350000144	lower_is_better	all	experiment	9		1	0	ok_provisional	results/exploratory/p0-03-dev-feasibility/outer_0/outer_0/cnmf_tmp/outer_0.spectra.k_9.dt_2_0.consensus.df.npz
000-full_training_pool-base_identifiable_DEVELOPMENT_r0-outer_0-k9-8534498f4955	000	full_training_pool	base_identifiable_DEVELOPMENT_r0	000-full_training_pool-base_identifiable_DEVELOPMENT_r0-outer_0-k9-8534498f4955	experiment	outer_0	peak_memory_mb_v1	1	728.00390625	lower_is_better	all	experiment	9		1	0	ok_provisional	results/exploratory/p0-03-dev-feasibility/outer_0/outer_0/cnmf_tmp/outer_0.spectra.k_9.dt_2_0.consensus.df.npz
000-full_training_pool-base_identifiable_DEVELOPMENT_r0-outer_0-k9-8534498f4955	000	full_training_pool	base_identifiable_DEVELOPMENT_r0	000-full_training_pool-base_identifiable_DEVELOPMENT_r0-outer_0-k9-8534498f4955	experiment	outer_0	failed_fits_v1	1	0	lower_is_better	all	experiment	9		1	0	ok_provisional	results/exploratory/p0-03-dev-feasibility/outer_0/outer_0/cnmf_tmp/outer_0.spectra.k_9.dt_2_0.consensus.df.npz
000-full_training_pool-base_identifiable_DEVELOPMENT_r0-outer_0-k10-d78b8feb0c54	000	full_training_pool	base_identifiable_DEVELOPMENT_r0	donor_001	donor	outer_0	heldout_squared_prediction_error_v1	1	466.5199240345392	lower_is_better	all	per_donor	10		200	0	ok_provisional	results/exploratory/p0-03-dev-feasibility/outer_0/outer_0/cnmf_tmp/outer_0.spectra.k_10.dt_2_0.consensus.df.npz
000-full_training_pool-base_identifiable_DEVELOPMENT_r0-outer_0-k10-d78b8feb0c54	000	full_training_pool	base_identifiable_DEVELOPMENT_r0	donor_002	donor	outer_0	heldout_squared_prediction_error_v1	1	383.67166086647296	lower_is_better	all	per_donor	10		200	0	ok_provisional	results/exploratory/p0-03-dev-feasibility/outer_0/outer_0/cnmf_tmp/outer_0.spectra.k_10.dt_2_0.consensus.df.npz
000-full_training_pool-base_identifiable_DEVELOPMENT_r0-outer_0-k10-d78b8feb0c54	000	full_training_pool	base_identifiable_DEVELOPMENT_r0	donor_004	donor	outer_0	heldout_squared_prediction_error_v1	1	516.5588824022697	lower_is_better	all	per_donor	10		200	0	ok_provisional	results/exploratory/p0-03-dev-feasibility/outer_0/outer_0/cnmf_tmp/outer_0.spectra.k_10.dt_2_0.consensus.df.npz
000-full_training_pool-base_identifiable_DEVELOPMENT_r0-outer_0-k10-d78b8feb0c54	000	full_training_pool	base_identifiable_DEVELOPMENT_r0	donor_008	donor	outer_0	heldout_squared_prediction_error_v1	1	393.05896242441287	lower_is_better	all	per_donor	10		200	0	ok_provisional	results/exploratory/p0-03-dev-feasibility/outer_0/outer_0/cnmf_tmp/outer_0.spectra.k_10.dt_2_0.consensus.df.npz
000-full_training_pool-base_identifiable_DEVELOPMENT_r0-outer_0-k10-d78b8feb0c54	000	full_training_pool	base_identifiable_DEVELOPMENT_r0	donor_012	donor	outer_0	heldout_squared_prediction_error_v1	1	372.9930750524625	lower_is_better	all	per_donor	10		200	0	ok_provisional	results/exploratory/p0-03-dev-feasibility/outer_0/outer_0/cnmf_tmp/outer_0.spectra.k_10.dt_2_0.consensus.df.npz
000-full_training_pool-base_identifiable_DEVELOPMENT_r0-outer_0-k10-d78b8feb0c54	000	full_training_pool	base_identifiable_DEVELOPMENT_r0	donor_014	donor	outer_0	heldout_squared_prediction_error_v1	1	372.66149507404697	lower_is_better	all	per_donor	10		200	0	ok_provisional	results/exploratory/p0-03-dev-feasibility/outer_0/outer_0/cnmf_tmp/outer_0.spectra.k_10.dt_2_0.consensus.df.npz
000-full_training_pool-base_identifiable_DEVELOPMENT_r0-outer_0-k10-d78b8feb0c54	000	full_training_pool	base_identifiable_DEVELOPMENT_r0	donor_016	donor	outer_0	heldout_squared_prediction_error_v1	1	400.01840170710375	lower_is_better	all	per_donor	10		200	0	ok_provisional	results/exploratory/p0-03-dev-feasibility/outer_0/outer_0/cnmf_tmp/outer_0.spectra.k_10.dt_2_0.consensus.df.npz
000-full_training_pool-base_identifiable_DEVELOPMENT_r0-outer_0-k10-d78b8feb0c54	000	full_training_pool	base_identifiable_DEVELOPMENT_r0	donor_018	donor	outer_0	heldout_squared_prediction_error_v1	1	369.60709103078904	lower_is_better	all	per_donor	10		200	0	ok_provisional	results/exploratory/p0-03-dev-feasibility/outer_0/outer_0/cnmf_tmp/outer_0.spectra.k_10.dt_2_0.consensus.df.npz
000-full_training_pool-base_identifiable_DEVELOPMENT_r0-outer_0-k10-d78b8feb0c54	000	full_training_pool	base_identifiable_DEVELOPMENT_r0	donor_019	donor	outer_0	heldout_squared_prediction_error_v1	1	426.7784305768588	lower_is_better	all	per_donor	10		200	0	ok_provisional	results/exploratory/p0-03-dev-feasibility/outer_0/outer_0/cnmf_tmp/outer_0.spectra.k_10.dt_2_0.consensus.df.npz
000-full_training_pool-base_identifiable_DEVELOPMENT_r0-outer_0-k10-d78b8feb0c54	000	full_training_pool	base_identifiable_DEVELOPMENT_r0	donor_020	donor	outer_0	heldout_squared_prediction_error_v1	1	425.5965810306383	lower_is_better	all	per_donor	10		200	0	ok_provisional	results/exploratory/p0-03-dev-feasibility/outer_0/outer_0/cnmf_tmp/outer_0.spectra.k_10.dt_2_0.consensus.df.npz
000-full_training_pool-base_identifiable_DEVELOPMENT_r0-outer_0-k10-d78b8feb0c54	000	full_training_pool	base_identifiable_DEVELOPMENT_r0	donor_021	donor	outer_0	heldout_squared_prediction_error_v1	1	466.708109927554	lower_is_better	all	per_donor	10		200	0	ok_provisional	results/exploratory/p0-03-dev-feasibility/outer_0/outer_0/cnmf_tmp/outer_0.spectra.k_10.dt_2_0.consensus.df.npz
000-full_training_pool-base_identifiable_DEVELOPMENT_r0-outer_0-k10-d78b8feb0c54	000	full_training_pool	base_identifiable_DEVELOPMENT_r0	donor_023	donor	outer_0	heldout_squared_prediction_error_v1	1	403.51695339284555	lower_is_better	all	per_donor	10		200	0	ok_provisional	results/exploratory/p0-03-dev-feasibility/outer_0/outer_0/cnmf_tmp/outer_0.spectra.k_10.dt_2_0.consensus.df.npz
000-full_training_pool-base_identifiable_DEVELOPMENT_r0-outer_0-k10-d78b8feb0c54	000	full_training_pool	base_identifiable_DEVELOPMENT_r0	ALL_TEST_DONORS	donor	outer_0	heldout_squared_prediction_error_v1	1	416.47413062666607	lower_is_better	all	equal_donor_mean	10		12	0	ok_provisional	results/exploratory/p0-03-dev-feasibility/outer_0/outer_0/cnmf_tmp/outer_0.spectra.k_10.dt_2_0.consensus.df.npz
000-full_training_pool-base_identifiable_DEVELOPMENT_r0-outer_0-k10-d78b8feb0c54	000	full_training_pool	base_identifiable_DEVELOPMENT_r0	donor_001	donor	outer_0	heldout_squared_prediction_error_counts_v1	1	1124.657007719063	lower_is_better	all	per_donor	10		200	0	ok_provisional	results/exploratory/p0-03-dev-feasibility/outer_0/outer_0/cnmf_tmp/outer_0.spectra.k_10.dt_2_0.consensus.df.npz
000-full_training_pool-base_identifiable_DEVELOPMENT_r0-outer_0-k10-d78b8feb0c54	000	full_training_pool	base_identifiable_DEVELOPMENT_r0	donor_002	donor	outer_0	heldout_squared_prediction_error_counts_v1	1	948.7416782502414	lower_is_better	all	per_donor	10		200	0	ok_provisional	results/exploratory/p0-03-dev-feasibility/outer_0/outer_0/cnmf_tmp/outer_0.spectra.k_10.dt_2_0.consensus.df.npz
000-full_training_pool-base_identifiable_DEVELOPMENT_r0-outer_0-k10-d78b8feb0c54	000	full_training_pool	base_identifiable_DEVELOPMENT_r0	donor_004	donor	outer_0	heldout_squared_prediction_error_counts_v1	1	1256.3313135655053	lower_is_better	all	per_donor	10		200	0	ok_provisional	results/exploratory/p0-03-dev-feasibility/outer_0/outer_0/cnmf_tmp/outer_0.spectra.k_10.dt_2_0.consensus.df.npz
000-full_training_pool-base_identifiable_DEVELOPMENT_r0-outer_0-k10-d78b8feb0c54	000	full_training_pool	base_identifiable_DEVELOPMENT_r0	donor_008	donor	outer_0	heldout_squared_prediction_error_counts_v1	1	919.4112331365509	lower_is_better	all	per_donor	10		200	0	ok_provisional	results/exploratory/p0-03-dev-feasibility/outer_0/outer_0/cnmf_tmp/outer_0.spectra.k_10.dt_2_0.consensus.df.npz
000-full_training_pool-base_identifiable_DEVELOPMENT_r0-outer_0-k10-d78b8feb0c54	000	full_training_pool	base_identifiable_DEVELOPMENT_r0	donor_012	donor	outer_0	heldout_squared_prediction_error_counts_v1	1	873.5122572176292	lower_is_better	all	per_donor	10		200	0	ok_provisional	results/exploratory/p0-03-dev-feasibility/outer_0/outer_0/cnmf_tmp/outer_0.spectra.k_10.dt_2_0.consensus.df.npz
000-full_training_pool-base_identifiable_DEVELOPMENT_r0-outer_0-k10-d78b8feb0c54	000	full_training_pool	base_identifiable_DEVELOPMENT_r0	donor_014	donor	outer_0	heldout_squared_prediction_error_counts_v1	1	886.9887264444124	lower_is_better	all	per_donor	10		200	0	ok_provisional	results/exploratory/p0-03-dev-feasibility/outer_0/outer_0/cnmf_tmp/outer_0.spectra.k_10.dt_2_0.consensus.df.npz
000-full_training_pool-base_identifiable_DEVELOPMENT_r0-outer_0-k10-d78b8feb0c54	000	full_training_pool	base_identifiable_DEVELOPMENT_r0	donor_016	donor	outer_0	heldout_squared_prediction_error_counts_v1	1	974.934940196283	lower_is_better	all	per_donor	10		200	0	ok_provisional	results/exploratory/p0-03-dev-feasibility/outer_0/outer_0/cnmf_tmp/outer_0.spectra.k_10.dt_2_0.consensus.df.npz
000-full_training_pool-base_identifiable_DEVELOPMENT_r0-outer_0-k10-d78b8feb0c54	000	full_training_pool	base_identifiable_DEVELOPMENT_r0	donor_018	donor	outer_0	heldout_squared_prediction_error_counts_v1	1	821.2470798287948	lower_is_better	all	per_donor	10		200	0	ok_provisional	results/exploratory/p0-03-dev-feasibility/outer_0/outer_0/cnmf_tmp/outer_0.spectra.k_10.dt_2_0.consensus.df.npz
000-full_training_pool-base_identifiable_DEVELOPMENT_r0-outer_0-k10-d78b8feb0c54	000	full_training_pool	base_identifiable_DEVELOPMENT_r0	donor_019	donor	outer_0	heldout_squared_prediction_error_counts_v1	1	1010.0188943019966	lower_is_better	all	per_donor	10		200	0	ok_provisional	results/exploratory/p0-03-dev-feasibility/outer_0/outer_0/cnmf_tmp/outer_0.spectra.k_10.dt_2_0.consensus.df.npz
000-full_training_pool-base_identifiable_DEVELOPMENT_r0-outer_0-k10-d78b8feb0c54	000	full_training_pool	base_identifiable_DEVELOPMENT_r0	donor_020	donor	outer_0	heldout_squared_prediction_error_counts_v1	1	983.2854624539157	lower_is_better	all	per_donor	10		200	0	ok_provisional	results/exploratory/p0-03-dev-feasibility/outer_0/outer_0/cnmf_tmp/outer_0.spectra.k_10.dt_2_0.consensus.df.npz
000-full_training_pool-base_identifiable_DEVELOPMENT_r0-outer_0-k10-d78b8feb0c54	000	full_training_pool	base_identifiable_DEVELOPMENT_r0	donor_021	donor	outer_0	heldout_squared_prediction_error_counts_v1	1	1095.4450788590177	lower_is_better	all	per_donor	10		200	0	ok_provisional	results/exploratory/p0-03-dev-feasibility/outer_0/outer_0/cnmf_tmp/outer_0.spectra.k_10.dt_2_0.consensus.df.npz
000-full_training_pool-base_identifiable_DEVELOPMENT_r0-outer_0-k10-d78b8feb0c54	000	full_training_pool	base_identifiable_DEVELOPMENT_r0	donor_023	donor	outer_0	heldout_squared_prediction_error_counts_v1	1	947.2944634560772	lower_is_better	all	per_donor	10		200	0	ok_provisional	results/exploratory/p0-03-dev-feasibility/outer_0/outer_0/cnmf_tmp/outer_0.spectra.k_10.dt_2_0.consensus.df.npz
000-full_training_pool-base_identifiable_DEVELOPMENT_r0-outer_0-k10-d78b8feb0c54	000	full_training_pool	base_identifiable_DEVELOPMENT_r0	ALL_TEST_DONORS	donor	outer_0	heldout_squared_prediction_error_counts_v1	1	986.822344619124	lower_is_better	all	equal_donor_mean	10		12	0	ok_provisional	results/exploratory/p0-03-dev-feasibility/outer_0/outer_0/cnmf_tmp/outer_0.spectra.k_10.dt_2_0.consensus.df.npz
000-full_training_pool-base_identifiable_DEVELOPMENT_r0-outer_0-k10-d78b8feb0c54	000	full_training_pool	base_identifiable_DEVELOPMENT_r0	donor_001	donor	outer_0	null_squared_prediction_error_v1	1	622.6409367382499	lower_is_better	all	per_donor	10		200	0	ok_provisional	results/exploratory/p0-03-dev-feasibility/outer_0/outer_0/cnmf_tmp/outer_0.spectra.k_10.dt_2_0.consensus.df.npz
000-full_training_pool-base_identifiable_DEVELOPMENT_r0-outer_0-k10-d78b8feb0c54	000	full_training_pool	base_identifiable_DEVELOPMENT_r0	donor_002	donor	outer_0	null_squared_prediction_error_v1	1	516.2926499159362	lower_is_better	all	per_donor	10		200	0	ok_provisional	results/exploratory/p0-03-dev-feasibility/outer_0/outer_0/cnmf_tmp/outer_0.spectra.k_10.dt_2_0.consensus.df.npz
000-full_training_pool-base_identifiable_DEVELOPMENT_r0-outer_0-k10-d78b8feb0c54	000	full_training_pool	base_identifiable_DEVELOPMENT_r0	donor_004	donor	outer_0	null_squared_prediction_error_v1	1	836.92429835109	lower_is_better	all	per_donor	10		200	0	ok_provisional	results/exploratory/p0-03-dev-feasibility/outer_0/outer_0/cnmf_tmp/outer_0.spectra.k_10.dt_2_0.consensus.df.npz
000-full_training_pool-base_identifiable_DEVELOPMENT_r0-outer_0-k10-d78b8feb0c54	000	full_training_pool	base_identifiable_DEVELOPMENT_r0	donor_008	donor	outer_0	null_squared_prediction_error_v1	1	427.4577046703842	lower_is_better	all	per_donor	10		200	0	ok_provisional	results/exploratory/p0-03-dev-feasibility/outer_0/outer_0/cnmf_tmp/outer_0.spectra.k_10.dt_2_0.consensus.df.npz
000-full_training_pool-base_identifiable_DEVELOPMENT_r0-outer_0-k10-d78b8feb0c54	000	full_training_pool	base_identifiable_DEVELOPMENT_r0	donor_012	donor	outer_0	null_squared_prediction_error_v1	1	436.455301380511	lower_is_better	all	per_donor	10		200	0	ok_provisional	results/exploratory/p0-03-dev-feasibility/outer_0/outer_0/cnmf_tmp/outer_0.spectra.k_10.dt_2_0.consensus.df.npz
000-full_training_pool-base_identifiable_DEVELOPMENT_r0-outer_0-k10-d78b8feb0c54	000	full_training_pool	base_identifiable_DEVELOPMENT_r0	donor_014	donor	outer_0	null_squared_prediction_error_v1	1	440.02485415475866	lower_is_better	all	per_donor	10		200	0	ok_provisional	results/exploratory/p0-03-dev-feasibility/outer_0/outer_0/cnmf_tmp/outer_0.spectra.k_10.dt_2_0.consensus.df.npz
000-full_training_pool-base_identifiable_DEVELOPMENT_r0-outer_0-k10-d78b8feb0c54	000	full_training_pool	base_identifiable_DEVELOPMENT_r0	donor_016	donor	outer_0	null_squared_prediction_error_v1	1	519.3260620540896	lower_is_better	all	per_donor	10		200	0	ok_provisional	results/exploratory/p0-03-dev-feasibility/outer_0/outer_0/cnmf_tmp/outer_0.spectra.k_10.dt_2_0.consensus.df.npz
000-full_training_pool-base_identifiable_DEVELOPMENT_r0-outer_0-k10-d78b8feb0c54	000	full_training_pool	base_identifiable_DEVELOPMENT_r0	donor_018	donor	outer_0	null_squared_prediction_error_v1	1	531.3040907407245	lower_is_better	all	per_donor	10		200	0	ok_provisional	results/exploratory/p0-03-dev-feasibility/outer_0/outer_0/cnmf_tmp/outer_0.spectra.k_10.dt_2_0.consensus.df.npz
000-full_training_pool-base_identifiable_DEVELOPMENT_r0-outer_0-k10-d78b8feb0c54	000	full_training_pool	base_identifiable_DEVELOPMENT_r0	donor_019	donor	outer_0	null_squared_prediction_error_v1	1	619.9786411813187	lower_is_better	all	per_donor	10		200	0	ok_provisional	results/exploratory/p0-03-dev-feasibility/outer_0/outer_0/cnmf_tmp/outer_0.spectra.k_10.dt_2_0.consensus.df.npz
000-full_training_pool-base_identifiable_DEVELOPMENT_r0-outer_0-k10-d78b8feb0c54	000	full_training_pool	base_identifiable_DEVELOPMENT_r0	donor_020	donor	outer_0	null_squared_prediction_error_v1	1	554.8156662073334	lower_is_better	all	per_donor	10		200	0	ok_provisional	results/exploratory/p0-03-dev-feasibility/outer_0/outer_0/cnmf_tmp/outer_0.spectra.k_10.dt_2_0.consensus.df.npz
000-full_training_pool-base_identifiable_DEVELOPMENT_r0-outer_0-k10-d78b8feb0c54	000	full_training_pool	base_identifiable_DEVELOPMENT_r0	donor_021	donor	outer_0	null_squared_prediction_error_v1	1	617.3139838483819	lower_is_better	all	per_donor	10		200	0	ok_provisional	results/exploratory/p0-03-dev-feasibility/outer_0/outer_0/cnmf_tmp/outer_0.spectra.k_10.dt_2_0.consensus.df.npz
000-full_training_pool-base_identifiable_DEVELOPMENT_r0-outer_0-k10-d78b8feb0c54	000	full_training_pool	base_identifiable_DEVELOPMENT_r0	donor_023	donor	outer_0	null_squared_prediction_error_v1	1	440.4275211257156	lower_is_better	all	per_donor	10		200	0	ok_provisional	results/exploratory/p0-03-dev-feasibility/outer_0/outer_0/cnmf_tmp/outer_0.spectra.k_10.dt_2_0.consensus.df.npz
000-full_training_pool-base_identifiable_DEVELOPMENT_r0-outer_0-k10-d78b8feb0c54	000	full_training_pool	base_identifiable_DEVELOPMENT_r0	ALL_TEST_DONORS	donor	outer_0	null_squared_prediction_error_v1	1	546.9134758640411	lower_is_better	all	equal_donor_mean	10		12	0	ok_provisional	results/exploratory/p0-03-dev-feasibility/outer_0/outer_0/cnmf_tmp/outer_0.spectra.k_10.dt_2_0.consensus.df.npz
000-full_training_pool-base_identifiable_DEVELOPMENT_r0-outer_0-k10-d78b8feb0c54	000	full_training_pool	base_identifiable_DEVELOPMENT_r0	000-full_training_pool-base_identifiable_DEVELOPMENT_r0-outer_0-k10-d78b8feb0c54	experiment	outer_0	wall_seconds_v1	1	2.6019214019179344	lower_is_better	all	experiment	10		1	0	ok_provisional	results/exploratory/p0-03-dev-feasibility/outer_0/outer_0/cnmf_tmp/outer_0.spectra.k_10.dt_2_0.consensus.df.npz
000-full_training_pool-base_identifiable_DEVELOPMENT_r0-outer_0-k10-d78b8feb0c54	000	full_training_pool	base_identifiable_DEVELOPMENT_r0	000-full_training_pool-base_identifiable_DEVELOPMENT_r0-outer_0-k10-d78b8feb0c54	experiment	outer_0	cpu_seconds_v1	1	2.499840039999981	lower_is_better	all	experiment	10		1	0	ok_provisional	results/exploratory/p0-03-dev-feasibility/outer_0/outer_0/cnmf_tmp/outer_0.spectra.k_10.dt_2_0.consensus.df.npz
000-full_training_pool-base_identifiable_DEVELOPMENT_r0-outer_0-k10-d78b8feb0c54	000	full_training_pool	base_identifiable_DEVELOPMENT_r0	000-full_training_pool-base_identifiable_DEVELOPMENT_r0-outer_0-k10-d78b8feb0c54	experiment	outer_0	peak_memory_mb_v1	1	746.7109375	lower_is_better	all	experiment	10		1	0	ok_provisional	results/exploratory/p0-03-dev-feasibility/outer_0/outer_0/cnmf_tmp/outer_0.spectra.k_10.dt_2_0.consensus.df.npz
000-full_training_pool-base_identifiable_DEVELOPMENT_r0-outer_0-k10-d78b8feb0c54	000	full_training_pool	base_identifiable_DEVELOPMENT_r0	000-full_training_pool-base_identifiable_DEVELOPMENT_r0-outer_0-k10-d78b8feb0c54	experiment	outer_0	failed_fits_v1	1	0	lower_is_better	all	experiment	10		1	0	ok_provisional	results/exploratory/p0-03-dev-feasibility/outer_0/outer_0/cnmf_tmp/outer_0.spectra.k_10.dt_2_0.consensus.df.npz
000-full_training_pool-base_identifiable_DEVELOPMENT_r0-outer_1-fit-7d76dcf5c58c	000	full_training_pool	base_identifiable_DEVELOPMENT_r0	000-full_training_pool-base_identifiable_DEVELOPMENT_r0-outer_1-fit-7d76dcf5c58c	experiment	outer_1	wall_seconds_v1	1	265.923440663144	lower_is_better	all	experiment			1	0	ok_provisional	results/exploratory/p0-03-dev-feasibility/outer_1
000-full_training_pool-base_identifiable_DEVELOPMENT_r0-outer_1-fit-7d76dcf5c58c	000	full_training_pool	base_identifiable_DEVELOPMENT_r0	000-full_training_pool-base_identifiable_DEVELOPMENT_r0-outer_1-fit-7d76dcf5c58c	experiment	outer_1	cpu_seconds_v1	1	264.10565253899995	lower_is_better	all	experiment			1	0	ok_provisional	results/exploratory/p0-03-dev-feasibility/outer_1
000-full_training_pool-base_identifiable_DEVELOPMENT_r0-outer_1-fit-7d76dcf5c58c	000	full_training_pool	base_identifiable_DEVELOPMENT_r0	000-full_training_pool-base_identifiable_DEVELOPMENT_r0-outer_1-fit-7d76dcf5c58c	experiment	outer_1	peak_memory_mb_v1	1	746.7109375	lower_is_better	all	experiment			1	0	ok_provisional	results/exploratory/p0-03-dev-feasibility/outer_1
000-full_training_pool-base_identifiable_DEVELOPMENT_r0-outer_1-fit-7d76dcf5c58c	000	full_training_pool	base_identifiable_DEVELOPMENT_r0	000-full_training_pool-base_identifiable_DEVELOPMENT_r0-outer_1-fit-7d76dcf5c58c	experiment	outer_1	failed_fits_v1	1	0	lower_is_better	all	experiment			1	0	ok_provisional	results/exploratory/p0-03-dev-feasibility/outer_1
000-full_training_pool-base_identifiable_DEVELOPMENT_r0-outer_1-k4-a92b9e373405	000	full_training_pool	base_identifiable_DEVELOPMENT_r0	donor_000	donor	outer_1	heldout_squared_prediction_error_v1	1	463.39050166329906	lower_is_better	all	per_donor	4		200	0	ok_provisional	results/exploratory/p0-03-dev-feasibility/outer_1/outer_1/cnmf_tmp/outer_1.spectra.k_4.dt_2_0.consensus.df.npz
000-full_training_pool-base_identifiable_DEVELOPMENT_r0-outer_1-k4-a92b9e373405	000	full_training_pool	base_identifiable_DEVELOPMENT_r0	donor_003	donor	outer_1	heldout_squared_prediction_error_v1	1	594.1254952289746	lower_is_better	all	per_donor	4		200	0	ok_provisional	results/exploratory/p0-03-dev-feasibility/outer_1/outer_1/cnmf_tmp/outer_1.spectra.k_4.dt_2_0.consensus.df.npz
000-full_training_pool-base_identifiable_DEVELOPMENT_r0-outer_1-k4-a92b9e373405	000	full_training_pool	base_identifiable_DEVELOPMENT_r0	donor_005	donor	outer_1	heldout_squared_prediction_error_v1	1	945.6825578873809	lower_is_better	all	per_donor	4		200	0	ok_provisional	results/exploratory/p0-03-dev-feasibility/outer_1/outer_1/cnmf_tmp/outer_1.spectra.k_4.dt_2_0.consensus.df.npz
000-full_training_pool-base_identifiable_DEVELOPMENT_r0-outer_1-k4-a92b9e373405	000	full_training_pool	base_identifiable_DEVELOPMENT_r0	donor_006	donor	outer_1	heldout_squared_prediction_error_v1	1	341.99811551860023	lower_is_better	all	per_donor	4		200	0	ok_provisional	results/exploratory/p0-03-dev-feasibility/outer_1/outer_1/cnmf_tmp/outer_1.spectra.k_4.dt_2_0.consensus.df.npz
000-full_training_pool-base_identifiable_DEVELOPMENT_r0-outer_1-k4-a92b9e373405	000	full_training_pool	base_identifiable_DEVELOPMENT_r0	donor_007	donor	outer_1	heldout_squared_prediction_error_v1	1	712.2218298613777	lower_is_better	all	per_donor	4		200	0	ok_provisional	results/exploratory/p0-03-dev-feasibility/outer_1/outer_1/cnmf_tmp/outer_1.spectra.k_4.dt_2_0.consensus.df.npz
000-full_training_pool-base_identifiable_DEVELOPMENT_r0-outer_1-k4-a92b9e373405	000	full_training_pool	base_identifiable_DEVELOPMENT_r0	donor_009	donor	outer_1	heldout_squared_prediction_error_v1	1	432.6554565755108	lower_is_better	all	per_donor	4		200	0	ok_provisional	results/exploratory/p0-03-dev-feasibility/outer_1/outer_1/cnmf_tmp/outer_1.spectra.k_4.dt_2_0.consensus.df.npz
000-full_training_pool-base_identifiable_DEVELOPMENT_r0-outer_1-k4-a92b9e373405	000	full_training_pool	base_identifiable_DEVELOPMENT_r0	donor_010	donor	outer_1	heldout_squared_prediction_error_v1	1	403.72897074056874	lower_is_better	all	per_donor	4		200	0	ok_provisional	results/exploratory/p0-03-dev-feasibility/outer_1/outer_1/cnmf_tmp/outer_1.spectra.k_4.dt_2_0.consensus.df.npz
000-full_training_pool-base_identifiable_DEVELOPMENT_r0-outer_1-k4-a92b9e373405	000	full_training_pool	base_identifiable_DEVELOPMENT_r0	donor_011	donor	outer_1	heldout_squared_prediction_error_v1	1	410.32962848388024	lower_is_better	all	per_donor	4		200	0	ok_provisional	results/exploratory/p0-03-dev-feasibility/outer_1/outer_1/cnmf_tmp/outer_1.spectra.k_4.dt_2_0.consensus.df.npz
000-full_training_pool-base_identifiable_DEVELOPMENT_r0-outer_1-k4-a92b9e373405	000	full_training_pool	base_identifiable_DEVELOPMENT_r0	donor_013	donor	outer_1	heldout_squared_prediction_error_v1	1	286.0432053314809	lower_is_better	all	per_donor	4		200	0	ok_provisional	results/exploratory/p0-03-dev-feasibility/outer_1/outer_1/cnmf_tmp/outer_1.spectra.k_4.dt_2_0.consensus.df.npz
000-full_training_pool-base_identifiable_DEVELOPMENT_r0-outer_1-k4-a92b9e373405	000	full_training_pool	base_identifiable_DEVELOPMENT_r0	donor_015	donor	outer_1	heldout_squared_prediction_error_v1	1	459.66896992221183	lower_is_better	all	per_donor	4		200	0	ok_provisional	results/exploratory/p0-03-dev-feasibility/outer_1/outer_1/cnmf_tmp/outer_1.spectra.k_4.dt_2_0.consensus.df.npz
000-full_training_pool-base_identifiable_DEVELOPMENT_r0-outer_1-k4-a92b9e373405	000	full_training_pool	base_identifiable_DEVELOPMENT_r0	donor_017	donor	outer_1	heldout_squared_prediction_error_v1	1	361.9836315509103	lower_is_better	all	per_donor	4		200	0	ok_provisional	results/exploratory/p0-03-dev-feasibility/outer_1/outer_1/cnmf_tmp/outer_1.spectra.k_4.dt_2_0.consensus.df.npz
000-full_training_pool-base_identifiable_DEVELOPMENT_r0-outer_1-k4-a92b9e373405	000	full_training_pool	base_identifiable_DEVELOPMENT_r0	donor_022	donor	outer_1	heldout_squared_prediction_error_v1	1	410.5921324613433	lower_is_better	all	per_donor	4		200	0	ok_provisional	results/exploratory/p0-03-dev-feasibility/outer_1/outer_1/cnmf_tmp/outer_1.spectra.k_4.dt_2_0.consensus.df.npz
000-full_training_pool-base_identifiable_DEVELOPMENT_r0-outer_1-k4-a92b9e373405	000	full_training_pool	base_identifiable_DEVELOPMENT_r0	ALL_TEST_DONORS	donor	outer_1	heldout_squared_prediction_error_v1	1	485.20170793546146	lower_is_better	all	equal_donor_mean	4		12	0	ok_provisional	results/exploratory/p0-03-dev-feasibility/outer_1/outer_1/cnmf_tmp/outer_1.spectra.k_4.dt_2_0.consensus.df.npz
000-full_training_pool-base_identifiable_DEVELOPMENT_r0-outer_1-k4-a92b9e373405	000	full_training_pool	base_identifiable_DEVELOPMENT_r0	donor_000	donor	outer_1	heldout_squared_prediction_error_counts_v1	1	1103.3824103360091	lower_is_better	all	per_donor	4		200	0	ok_provisional	results/exploratory/p0-03-dev-feasibility/outer_1/outer_1/cnmf_tmp/outer_1.spectra.k_4.dt_2_0.consensus.df.npz
000-full_training_pool-base_identifiable_DEVELOPMENT_r0-outer_1-k4-a92b9e373405	000	full_training_pool	base_identifiable_DEVELOPMENT_r0	donor_003	donor	outer_1	heldout_squared_prediction_error_counts_v1	1	1525.1425551288628	lower_is_better	all	per_donor	4		200	0	ok_provisional	results/exploratory/p0-03-dev-feasibility/outer_1/outer_1/cnmf_tmp/outer_1.spectra.k_4.dt_2_0.consensus.df.npz
000-full_training_pool-base_identifiable_DEVELOPMENT_r0-outer_1-k4-a92b9e373405	000	full_training_pool	base_identifiable_DEVELOPMENT_r0	donor_005	donor	outer_1	heldout_squared_prediction_error_counts_v1	1	5648.580779668612	lower_is_better	all	per_donor	4		200	0	ok_provisional	results/exploratory/p0-03-dev-feasibility/outer_1/outer_1/cnmf_tmp/outer_1.spectra.k_4.dt_2_0.consensus.df.npz
000-full_training_pool-base_identifiable_DEVELOPMENT_r0-outer_1-k4-a92b9e373405	000	full_training_pool	base_identifiable_DEVELOPMENT_r0	donor_006	donor	outer_1	heldout_squared_prediction_error_counts_v1	1	772.3025222232969	lower_is_better	all	per_donor	4		200	0	ok_provisional	results/exploratory/p0-03-dev-feasibility/outer_1/outer_1/cnmf_tmp/outer_1.spectra.k_4.dt_2_0.consensus.df.npz
000-full_training_pool-base_identifiable_DEVELOPMENT_r0-outer_1-k4-a92b9e373405	000	full_training_pool	base_identifiable_DEVELOPMENT_r0	donor_007	donor	outer_1	heldout_squared_prediction_error_counts_v1	1	4155.573063892746	lower_is_better	all	per_donor	4		200	0	ok_provisional	results/exploratory/p0-03-dev-feasibility/outer_1/outer_1/cnmf_tmp/outer_1.spectra.k_4.dt_2_0.consensus.df.npz
000-full_training_pool-base_identifiable_DEVELOPMENT_r0-outer_1-k4-a92b9e373405	000	full_training_pool	base_identifiable_DEVELOPMENT_r0	donor_009	donor	outer_1	heldout_squared_prediction_error_counts_v1	1	1575.0578773356358	lower_is_better	all	per_donor	4		200	0	ok_provisional	results/exploratory/p0-03-dev-feasibility/outer_1/outer_1/cnmf_tmp/outer_1.spectra.k_4.dt_2_0.consensus.df.npz
000-full_training_pool-base_identifiable_DEVELOPMENT_r0-outer_1-k4-a92b9e373405	000	full_training_pool	base_identifiable_DEVELOPMENT_r0	donor_010	donor	outer_1	heldout_squared_prediction_error_counts_v1	1	907.784027803932	lower_is_better	all	per_donor	4		200	0	ok_provisional	results/exploratory/p0-03-dev-feasibility/outer_1/outer_1/cnmf_tmp/outer_1.spectra.k_4.dt_2_0.consensus.df.npz
000-full_training_pool-base_identifiable_DEVELOPMENT_r0-outer_1-k4-a92b9e373405	000	full_training_pool	base_identifiable_DEVELOPMENT_r0	donor_011	donor	outer_1	heldout_squared_prediction_error_counts_v1	1	961.7780462099627	lower_is_better	all	per_donor	4		200	0	ok_provisional	results/exploratory/p0-03-dev-feasibility/outer_1/outer_1/cnmf_tmp/outer_1.spectra.k_4.dt_2_0.consensus.df.npz
000-full_training_pool-base_identifiable_DEVELOPMENT_r0-outer_1-k4-a92b9e373405	000	full_training_pool	base_identifiable_DEVELOPMENT_r0	donor_013	donor	outer_1	heldout_squared_prediction_error_counts_v1	1	650.6587308858557	lower_is_better	all	per_donor	4		200	0	ok_provisional	results/exploratory/p0-03-dev-feasibility/outer_1/outer_1/cnmf_tmp/outer_1.spectra.k_4.dt_2_0.consensus.df.npz
000-full_training_pool-base_identifiable_DEVELOPMENT_r0-outer_1-k4-a92b9e373405	000	full_training_pool	base_identifiable_DEVELOPMENT_r0	donor_015	donor	outer_1	heldout_squared_prediction_error_counts_v1	1	1610.211868902209	lower_is_better	all	per_donor	4		200	0	ok_provisional	results/exploratory/p0-03-dev-feasibility/outer_1/outer_1/cnmf_tmp/outer_1.spectra.k_4.dt_2_0.consensus.df.npz
000-full_training_pool-base_identifiable_DEVELOPMENT_r0-outer_1-k4-a92b9e373405	000	full_training_pool	base_identifiable_DEVELOPMENT_r0	donor_017	donor	outer_1	heldout_squared_prediction_error_counts_v1	1	832.5333037271023	lower_is_better	all	per_donor	4		200	0	ok_provisional	results/exploratory/p0-03-dev-feasibility/outer_1/outer_1/cnmf_tmp/outer_1.spectra.k_4.dt_2_0.consensus.df.npz
000-full_training_pool-base_identifiable_DEVELOPMENT_r0-outer_1-k4-a92b9e373405	000	full_training_pool	base_identifiable_DEVELOPMENT_r0	donor_022	donor	outer_1	heldout_squared_prediction_error_counts_v1	1	962.109100075208	lower_is_better	all	per_donor	4		200	0	ok_provisional	results/exploratory/p0-03-dev-feasibility/outer_1/outer_1/cnmf_tmp/outer_1.spectra.k_4.dt_2_0.consensus.df.npz
000-full_training_pool-base_identifiable_DEVELOPMENT_r0-outer_1-k4-a92b9e373405	000	full_training_pool	base_identifiable_DEVELOPMENT_r0	ALL_TEST_DONORS	donor	outer_1	heldout_squared_prediction_error_counts_v1	1	1725.4261905157862	lower_is_better	all	equal_donor_mean	4		12	0	ok_provisional	results/exploratory/p0-03-dev-feasibility/outer_1/outer_1/cnmf_tmp/outer_1.spectra.k_4.dt_2_0.consensus.df.npz
000-full_training_pool-base_identifiable_DEVELOPMENT_r0-outer_1-k4-a92b9e373405	000	full_training_pool	base_identifiable_DEVELOPMENT_r0	donor_000	donor	outer_1	null_squared_prediction_error_v1	1	545.0473852776363	lower_is_better	all	per_donor	4		200	0	ok_provisional	results/exploratory/p0-03-dev-feasibility/outer_1/outer_1/cnmf_tmp/outer_1.spectra.k_4.dt_2_0.consensus.df.npz
000-full_training_pool-base_identifiable_DEVELOPMENT_r0-outer_1-k4-a92b9e373405	000	full_training_pool	base_identifiable_DEVELOPMENT_r0	donor_003	donor	outer_1	null_squared_prediction_error_v1	1	784.2569920265549	lower_is_better	all	per_donor	4		200	0	ok_provisional	results/exploratory/p0-03-dev-feasibility/outer_1/outer_1/cnmf_tmp/outer_1.spectra.k_4.dt_2_0.consensus.df.npz
000-full_training_pool-base_identifiable_DEVELOPMENT_r0-outer_1-k4-a92b9e373405	000	full_training_pool	base_identifiable_DEVELOPMENT_r0	donor_005	donor	outer_1	null_squared_prediction_error_v1	1	1017.619434247824	lower_is_better	all	per_donor	4		200	0	ok_provisional	results/exploratory/p0-03-dev-feasibility/outer_1/outer_1/cnmf_tmp/outer_1.spectra.k_4.dt_2_0.consensus.df.npz
000-full_training_pool-base_identifiable_DEVELOPMENT_r0-outer_1-k4-a92b9e373405	000	full_training_pool	base_identifiable_DEVELOPMENT_r0	donor_006	donor	outer_1	null_squared_prediction_error_v1	1	378.69735663838367	lower_is_better	all	per_donor	4		200	0	ok_provisional	results/exploratory/p0-03-dev-feasibility/outer_1/outer_1/cnmf_tmp/outer_1.spectra.k_4.dt_2_0.consensus.df.npz
000-full_training_pool-base_identifiable_DEVELOPMENT_r0-outer_1-k4-a92b9e373405	000	full_training_pool	base_identifiable_DEVELOPMENT_r0	donor_007	donor	outer_1	null_squared_prediction_error_v1	1	749.404010558099	lower_is_better	all	per_donor	4		200	0	ok_provisional	results/exploratory/p0-03-dev-feasibility/outer_1/outer_1/cnmf_tmp/outer_1.spectra.k_4.dt_2_0.consensus.df.npz
000-full_training_pool-base_identifiable_DEVELOPMENT_r0-outer_1-k4-a92b9e373405	000	full_training_pool	base_identifiable_DEVELOPMENT_r0	donor_009	donor	outer_1	null_squared_prediction_error_v1	1	487.685466988738	lower_is_better	all	per_donor	4		200	0	ok_provisional	results/exploratory/p0-03-dev-feasibility/outer_1/outer_1/cnmf_tmp/outer_1.spectra.k_4.dt_2_0.consensus.df.npz
000-full_training_pool-base_identifiable_DEVELOPMENT_r0-outer_1-k4-a92b9e373405	000	full_training_pool	base_identifiable_DEVELOPMENT_r0	donor_010	donor	outer_1	null_squared_prediction_error_v1	1	453.2069453553231	lower_is_better	all	per_donor	4		200	0	ok_provisional	results/exploratory/p0-03-dev-feasibility/outer_1/outer_1/cnmf_tmp/outer_1.spectra.k_4.dt_2_0.consensus.df.npz
000-full_training_pool-base_identifiable_DEVELOPMENT_r0-outer_1-k4-a92b9e373405	000	full_training_pool	base_identifiable_DEVELOPMENT_r0	donor_011	donor	outer_1	null_squared_prediction_error_v1	1	528.376925507963	lower_is_better	all	per_donor	4		200	0	ok_provisional	results/exploratory/p0-03-dev-feasibility/outer_1/outer_1/cnmf_tmp/outer_1.spectra.k_4.dt_2_0.consensus.df.npz
000-full_training_pool-base_identifiable_DEVELOPMENT_r0-outer_1-k4-a92b9e373405	000	full_training_pool	base_identifiable_DEVELOPMENT_r0	donor_013	donor	outer_1	null_squared_prediction_error_v1	1	310.26064549467156	lower_is_better	all	per_donor	4		200	0	ok_provisional	results/exploratory/p0-03-dev-feasibility/outer_1/outer_1/cnmf_tmp/outer_1.spectra.k_4.dt_2_0.consensus.df.npz
000-full_training_pool-base_identifiable_DEVELOPMENT_r0-outer_1-k4-a92b9e373405	000	full_training_pool	base_identifiable_DEVELOPMENT_r0	donor_015	donor	outer_1	null_squared_prediction_error_v1	1	518.1299617000865	lower_is_better	all	per_donor	4		200	0	ok_provisional	results/exploratory/p0-03-dev-feasibility/outer_1/outer_1/cnmf_tmp/outer_1.spectra.k_4.dt_2_0.consensus.df.npz
000-full_training_pool-base_identifiable_DEVELOPMENT_r0-outer_1-k4-a92b9e373405	000	full_training_pool	base_identifiable_DEVELOPMENT_r0	donor_017	donor	outer_1	null_squared_prediction_error_v1	1	422.1695005370706	lower_is_better	all	per_donor	4		200	0	ok_provisional	results/exploratory/p0-03-dev-feasibility/outer_1/outer_1/cnmf_tmp/outer_1.spectra.k_4.dt_2_0.consensus.df.npz
000-full_training_pool-base_identifiable_DEVELOPMENT_r0-outer_1-k4-a92b9e373405	000	full_training_pool	base_identifiable_DEVELOPMENT_r0	donor_022	donor	outer_1	null_squared_prediction_error_v1	1	463.33895946725784	lower_is_better	all	per_donor	4		200	0	ok_provisional	results/exploratory/p0-03-dev-feasibility/outer_1/outer_1/cnmf_tmp/outer_1.spectra.k_4.dt_2_0.consensus.df.npz
000-full_training_pool-base_identifiable_DEVELOPMENT_r0-outer_1-k4-a92b9e373405	000	full_training_pool	base_identifiable_DEVELOPMENT_r0	ALL_TEST_DONORS	donor	outer_1	null_squared_prediction_error_v1	1	554.8494653166341	lower_is_better	all	equal_donor_mean	4		12	0	ok_provisional	results/exploratory/p0-03-dev-feasibility/outer_1/outer_1/cnmf_tmp/outer_1.spectra.k_4.dt_2_0.consensus.df.npz
000-full_training_pool-base_identifiable_DEVELOPMENT_r0-outer_1-k4-a92b9e373405	000	full_training_pool	base_identifiable_DEVELOPMENT_r0	000-full_training_pool-base_identifiable_DEVELOPMENT_r0-outer_1-k4-a92b9e373405	experiment	outer_1	wall_seconds_v1	1	1.3141888133250177	lower_is_better	all	experiment	4		1	0	ok_provisional	results/exploratory/p0-03-dev-feasibility/outer_1/outer_1/cnmf_tmp/outer_1.spectra.k_4.dt_2_0.consensus.df.npz
000-full_training_pool-base_identifiable_DEVELOPMENT_r0-outer_1-k4-a92b9e373405	000	full_training_pool	base_identifiable_DEVELOPMENT_r0	000-full_training_pool-base_identifiable_DEVELOPMENT_r0-outer_1-k4-a92b9e373405	experiment	outer_1	cpu_seconds_v1	1	1.2351949910000712	lower_is_better	all	experiment	4		1	0	ok_provisional	results/exploratory/p0-03-dev-feasibility/outer_1/outer_1/cnmf_tmp/outer_1.spectra.k_4.dt_2_0.consensus.df.npz
000-full_training_pool-base_identifiable_DEVELOPMENT_r0-outer_1-k4-a92b9e373405	000	full_training_pool	base_identifiable_DEVELOPMENT_r0	000-full_training_pool-base_identifiable_DEVELOPMENT_r0-outer_1-k4-a92b9e373405	experiment	outer_1	peak_memory_mb_v1	1	746.7109375	lower_is_better	all	experiment	4		1	0	ok_provisional	results/exploratory/p0-03-dev-feasibility/outer_1/outer_1/cnmf_tmp/outer_1.spectra.k_4.dt_2_0.consensus.df.npz
000-full_training_pool-base_identifiable_DEVELOPMENT_r0-outer_1-k4-a92b9e373405	000	full_training_pool	base_identifiable_DEVELOPMENT_r0	000-full_training_pool-base_identifiable_DEVELOPMENT_r0-outer_1-k4-a92b9e373405	experiment	outer_1	failed_fits_v1	1	0	lower_is_better	all	experiment	4		1	0	ok_provisional	results/exploratory/p0-03-dev-feasibility/outer_1/outer_1/cnmf_tmp/outer_1.spectra.k_4.dt_2_0.consensus.df.npz
000-full_training_pool-base_identifiable_DEVELOPMENT_r0-outer_1-k5-0228013538ec	000	full_training_pool	base_identifiable_DEVELOPMENT_r0	donor_000	donor	outer_1	heldout_squared_prediction_error_v1	1	462.3469219386454	lower_is_better	all	per_donor	5		200	0	ok_provisional	results/exploratory/p0-03-dev-feasibility/outer_1/outer_1/cnmf_tmp/outer_1.spectra.k_5.dt_2_0.consensus.df.npz
000-full_training_pool-base_identifiable_DEVELOPMENT_r0-outer_1-k5-0228013538ec	000	full_training_pool	base_identifiable_DEVELOPMENT_r0	donor_003	donor	outer_1	heldout_squared_prediction_error_v1	1	579.624782621929	lower_is_better	all	per_donor	5		200	0	ok_provisional	results/exploratory/p0-03-dev-feasibility/outer_1/outer_1/cnmf_tmp/outer_1.spectra.k_5.dt_2_0.consensus.df.npz
000-full_training_pool-base_identifiable_DEVELOPMENT_r0-outer_1-k5-0228013538ec	000	full_training_pool	base_identifiable_DEVELOPMENT_r0	donor_005	donor	outer_1	heldout_squared_prediction_error_v1	1	634.830121854135	lower_is_better	all	per_donor	5		200	0	ok_provisional	results/exploratory/p0-03-dev-feasibility/outer_1/outer_1/cnmf_tmp/outer_1.spectra.k_5.dt_2_0.consensus.df.npz
000-full_training_pool-base_identifiable_DEVELOPMENT_r0-outer_1-k5-0228013538ec	000	full_training_pool	base_identifiable_DEVELOPMENT_r0	donor_006	donor	outer_1	heldout_squared_prediction_error_v1	1	342.3186288152546	lower_is_better	all	per_donor	5		200	0	ok_provisional	results/exploratory/p0-03-dev-feasibility/outer_1/outer_1/cnmf_tmp/outer_1.spectra.k_5.dt_2_0.consensus.df.npz
000-full_training_pool-base_identifiable_DEVELOPMENT_r0-outer_1-k5-0228013538ec	000	full_training_pool	base_identifiable_DEVELOPMENT_r0	donor_007	donor	outer_1	heldout_squared_prediction_error_v1	1	480.3693578844554	lower_is_better	all	per_donor	5		200	0	ok_provisional	results/exploratory/p0-03-dev-feasibility/outer_1/outer_1/cnmf_tmp/outer_1.spectra.k_5.dt_2_0.consensus.df.npz
000-full_training_pool-base_identifiable_DEVELOPMENT_r0-outer_1-k5-0228013538ec	000	full_training_pool	base_identifiable_DEVELOPMENT_r0	donor_009	donor	outer_1	heldout_squared_prediction_error_v1	1	380.04536426784426	lower_is_better	all	per_donor	5		200	0	ok_provisional	results/exploratory/p0-03-dev-feasibility/outer_1/outer_1/cnmf_tmp/outer_1.spectra.k_5.dt_2_0.consensus.df.npz
000-full_training_pool-base_identifiable_DEVELOPMENT_r0-outer_1-k5-0228013538ec	000	full_training_pool	base_identifiable_DEVELOPMENT_r0	donor_010	donor	outer_1	heldout_squared_prediction_error_v1	1	403.8172540675616	lower_is_better	all	per_donor	5		200	0	ok_provisional	results/exploratory/p0-03-dev-feasibility/outer_1/outer_1/cnmf_tmp/outer_1.spectra.k_5.dt_2_0.consensus.df.npz
000-full_training_pool-base_identifiable_DEVELOPMENT_r0-outer_1-k5-0228013538ec	000	full_training_pool	base_identifiable_DEVELOPMENT_r0	donor_011	donor	outer_1	heldout_squared_prediction_error_v1	1	410.36082222964535	lower_is_better	all	per_donor	5		200	0	ok_provisional	results/exploratory/p0-03-dev-feasibility/outer_1/outer_1/cnmf_tmp/outer_1.spectra.k_5.dt_2_0.consensus.df.npz
000-full_training_pool-base_identifiable_DEVELOPMENT_r0-outer_1-k5-0228013538ec	000	full_training_pool	base_identifiable_DEVELOPMENT_r0	donor_013	donor	outer_1	heldout_squared_prediction_error_v1	1	286.17542011117547	lower_is_better	all	per_donor	5		200	0	ok_provisional	results/exploratory/p0-03-dev-feasibility/outer_1/outer_1/cnmf_tmp/outer_1.spectra.k_5.dt_2_0.consensus.df.npz
000-full_training_pool-base_identifiable_DEVELOPMENT_r0-outer_1-k5-0228013538ec	000	full_training_pool	base_identifiable_DEVELOPMENT_r0	donor_015	donor	outer_1	heldout_squared_prediction_error_v1	1	408.5173043719389	lower_is_better	all	per_donor	5		200	0	ok_provisional	results/exploratory/p0-03-dev-feasibility/outer_1/outer_1/cnmf_tmp/outer_1.spectra.k_5.dt_2_0.consensus.df.npz
000-full_training_pool-base_identifiable_DEVELOPMENT_r0-outer_1-k5-0228013538ec	000	full_training_pool	base_identifiable_DEVELOPMENT_r0	donor_017	donor	outer_1	heldout_squared_prediction_error_v1	1	362.14457335507024	lower_is_better	all	per_donor	5		200	0	ok_provisional	results/exploratory/p0-03-dev-feasibility/outer_1/outer_1/cnmf_tmp/outer_1.spectra.k_5.dt_2_0.consensus.df.npz
000-full_training_pool-base_identifiable_DEVELOPMENT_r0-outer_1-k5-0228013538ec	000	full_training_pool	base_identifiable_DEVELOPMENT_r0	donor_022	donor	outer_1	heldout_squared_prediction_error_v1	1	410.6720046921444	lower_is_better	all	per_donor	5		200	0	ok_provisional	results/exploratory/p0-03-dev-feasibility/outer_1/outer_1/cnmf_tmp/outer_1.spectra.k_5.dt_2_0.consensus.df.npz
000-full_training_pool-base_identifiable_DEVELOPMENT_r0-outer_1-k5-0228013538ec	000	full_training_pool	base_identifiable_DEVELOPMENT_r0	ALL_TEST_DONORS	donor	outer_1	heldout_squared_prediction_error_v1	1	430.10187968414994	lower_is_better	all	equal_donor_mean	5		12	0	ok_provisional	results/exploratory/p0-03-dev-feasibility/outer_1/outer_1/cnmf_tmp/outer_1.spectra.k_5.dt_2_0.consensus.df.npz
000-full_training_pool-base_identifiable_DEVELOPMENT_r0-outer_1-k5-0228013538ec	000	full_training_pool	base_identifiable_DEVELOPMENT_r0	donor_000	donor	outer_1	heldout_squared_prediction_error_counts_v1	1	1086.5942362598153	lower_is_better	all	per_donor	5		200	0	ok_provisional	results/exploratory/p0-03-dev-feasibility/outer_1/outer_1/cnmf_tmp/outer_1.spectra.k_5.dt_2_0.consensus.df.npz
000-full_training_pool-base_identifiable_DEVELOPMENT_r0-outer_1-k5-0228013538ec	000	full_training_pool	base_identifiable_DEVELOPMENT_r0	donor_003	donor	outer_1	heldout_squared_prediction_error_counts_v1	1	1340.4589980445207	lower_is_better	all	per_donor	5		200	0	ok_provisional	results/exploratory/p0-03-dev-feasibility/outer_1/outer_1/cnmf_tmp/outer_1.spectra.k_5.dt_2_0.consensus.df.npz
000-full_training_pool-base_identifiable_DEVELOPMENT_r0-outer_1-k5-0228013538ec	000	full_training_pool	base_identifiable_DEVELOPMENT_r0	donor_005	donor	outer_1	heldout_squared_prediction_error_counts_v1	1	1425.631370227123	lower_is_better	all	per_donor	5		200	0	ok_provisional	results/exploratory/p0-03-dev-feasibility/outer_1/outer_1/cnmf_tmp/outer_1.spectra.k_5.dt_2_0.consensus.df.npz
000-full_training_pool-base_identifiable_DEVELOPMENT_r0-outer_1-k5-0228013538ec	000	full_training_pool	base_identifiable_DEVELOPMENT_r0	donor_006	donor	outer_1	heldout_squared_prediction_error_counts_v1	1	775.3244398831158	lower_is_better	all	per_donor	5		200	0	ok_provisional	results/exploratory/p0-03-dev-feasibility/outer_1/outer_1/cnmf_tmp/outer_1.spectra.k_5.dt_2_0.consensus.df.npz
000-full_training_pool-base_identifiable_DEVELOPMENT_r0-outer_1-k5-0228013538ec	000	full_training_pool	base_identifiable_DEVELOPMENT_r0	donor_007	donor	outer_1	heldout_squared_prediction_error_counts_v1	1	1037.4104683290266	lower_is_better	all	per_donor	5		200	0	ok_provisional	results/exploratory/p0-03-dev-feasibility/outer_1/outer_1/cnmf_tmp/outer_1.spectra.k_5.dt_2_0.consensus.df.npz
000-full_training_pool-base_identifiable_DEVELOPMENT_r0-outer_1-k5-0228013538ec	000	full_training_pool	base_identifiable_DEVELOPMENT_r0	donor_009	donor	outer_1	heldout_squared_prediction_error_counts_v1	1	845.979811435195	lower_is_better	all	per_donor	5		200	0	ok_provisional	results/exploratory/p0-03-dev-feasibility/outer_1/outer_1/cnmf_tmp/outer_1.spectra.k_5.dt_2_0.consensus.df.npz
000-full_training_pool-base_identifiable_DEVELOPMENT_r0-outer_1-k5-0228013538ec	000	full_training_pool	base_identifiable_DEVELOPMENT_r0	donor_010	donor	outer_1	heldout_squared_prediction_error_counts_v1	1	911.0090086466612	lower_is_better	all	per_donor	5		200	0	ok_provisional	results/exploratory/p0-03-dev-feasibility/outer_1/outer_1/cnmf_tmp/outer_1.spectra.k_5.dt_2_0.consensus.df.npz
000-full_training_pool-base_identifiable_DEVELOPMENT_r0-outer_1-k5-0228013538ec	000	full_training_pool	base_identifiable_DEVELOPMENT_r0	donor_011	donor	outer_1	heldout_squared_prediction_error_counts_v1	1	960.5710367515517	lower_is_better	all	per_donor	5		200	0	ok_provisional	results/exploratory/p0-03-dev-feasibility/outer_1/outer_1/cnmf_tmp/outer_1.spectra.k_5.dt_2_0.consensus.df.npz
000-full_training_pool-base_identifiable_DEVELOPMENT_r0-outer_1-k5-0228013538ec	000	full_training_pool	base_identifiable_DEVELOPMENT_r0	donor_013	donor	outer_1	heldout_squared_prediction_error_counts_v1	1	651.5115054838848	lower_is_better	all	per_donor	5		200	0	ok_provisional	results/exploratory/p0-03-dev-feasibility/outer_1/outer_1/cnmf_tmp/outer_1.spectra.k_5.dt_2_0.consensus.df.npz
000-full_training_pool-base_identifiable_DEVELOPMENT_r0-outer_1-k5-0228013538ec	000	full_training_pool	base_identifiable_DEVELOPMENT_r0	donor_015	donor	outer_1	heldout_squared_prediction_error_counts_v1	1	927.4573159710651	lower_is_better	all	per_donor	5		200	0	ok_provisional	results/exploratory/p0-03-dev-feasibility/outer_1/outer_1/cnmf_tmp/outer_1.spectra.k_5.dt_2_0.consensus.df.npz
000-full_training_pool-base_identifiable_DEVELOPMENT_r0-outer_1-k5-0228013538ec	000	full_training_pool	base_identifiable_DEVELOPMENT_r0	donor_017	donor	outer_1	heldout_squared_prediction_error_counts_v1	1	833.4160766176116	lower_is_better	all	per_donor	5		200	0	ok_provisional	results/exploratory/p0-03-dev-feasibility/outer_1/outer_1/cnmf_tmp/outer_1.spectra.k_5.dt_2_0.consensus.df.npz
000-full_training_pool-base_identifiable_DEVELOPMENT_r0-outer_1-k5-0228013538ec	000	full_training_pool	base_identifiable_DEVELOPMENT_r0	donor_022	donor	outer_1	heldout_squared_prediction_error_counts_v1	1	964.6179997096858	lower_is_better	all	per_donor	5		200	0	ok_provisional	results/exploratory/p0-03-dev-feasibility/outer_1/outer_1/cnmf_tmp/outer_1.spectra.k_5.dt_2_0.consensus.df.npz
000-full_training_pool-base_identifiable_DEVELOPMENT_r0-outer_1-k5-0228013538ec	000	full_training_pool	base_identifiable_DEVELOPMENT_r0	ALL_TEST_DONORS	donor	outer_1	heldout_squared_prediction_error_counts_v1	1	979.9985222799381	lower_is_better	all	equal_donor_mean	5		12	0	ok_provisional	results/exploratory/p0-03-dev-feasibility/outer_1/outer_1/cnmf_tmp/outer_1.spectra.k_5.dt_2_0.consensus.df.npz
000-full_training_pool-base_identifiable_DEVELOPMENT_r0-outer_1-k5-0228013538ec	000	full_training_pool	base_identifiable_DEVELOPMENT_r0	donor_000	donor	outer_1	null_squared_prediction_error_v1	1	545.0473852776363	lower_is_better	all	per_donor	5		200	0	ok_provisional	results/exploratory/p0-03-dev-feasibility/outer_1/outer_1/cnmf_tmp/outer_1.spectra.k_5.dt_2_0.consensus.df.npz
000-full_training_pool-base_identifiable_DEVELOPMENT_r0-outer_1-k5-0228013538ec	000	full_training_pool	base_identifiable_DEVELOPMENT_r0	donor_003	donor	outer_1	null_squared_prediction_error_v1	1	784.2569920265549	lower_is_better	all	per_donor	5		200	0	ok_provisional	results/exploratory/p0-03-dev-feasibility/outer_1/outer_1/cnmf_tmp/outer_1.spectra.k_5.dt_2_0.consensus.df.npz
000-full_training_pool-base_identifiable_DEVELOPMENT_r0-outer_1-k5-0228013538ec	000	full_training_pool	base_identifiable_DEVELOPMENT_r0	donor_005	donor	outer_1	null_squared_prediction_error_v1	1	1017.619434247824	lower_is_better	all	per_donor	5		200	0	ok_provisional	results/exploratory/p0-03-dev-feasibility/outer_1/outer_1/cnmf_tmp/outer_1.spectra.k_5.dt_2_0.consensus.df.npz
000-full_training_pool-base_identifiable_DEVELOPMENT_r0-outer_1-k5-0228013538ec	000	full_training_pool	base_identifiable_DEVELOPMENT_r0	donor_006	donor	outer_1	null_squared_prediction_error_v1	1	378.69735663838367	lower_is_better	all	per_donor	5		200	0	ok_provisional	results/exploratory/p0-03-dev-feasibility/outer_1/outer_1/cnmf_tmp/outer_1.spectra.k_5.dt_2_0.consensus.df.npz
000-full_training_pool-base_identifiable_DEVELOPMENT_r0-outer_1-k5-0228013538ec	000	full_training_pool	base_identifiable_DEVELOPMENT_r0	donor_007	donor	outer_1	null_squared_prediction_error_v1	1	749.404010558099	lower_is_better	all	per_donor	5		200	0	ok_provisional	results/exploratory/p0-03-dev-feasibility/outer_1/outer_1/cnmf_tmp/outer_1.spectra.k_5.dt_2_0.consensus.df.npz
000-full_training_pool-base_identifiable_DEVELOPMENT_r0-outer_1-k5-0228013538ec	000	full_training_pool	base_identifiable_DEVELOPMENT_r0	donor_009	donor	outer_1	null_squared_prediction_error_v1	1	487.685466988738	lower_is_better	all	per_donor	5		200	0	ok_provisional	results/exploratory/p0-03-dev-feasibility/outer_1/outer_1/cnmf_tmp/outer_1.spectra.k_5.dt_2_0.consensus.df.npz
000-full_training_pool-base_identifiable_DEVELOPMENT_r0-outer_1-k5-0228013538ec	000	full_training_pool	base_identifiable_DEVELOPMENT_r0	donor_010	donor	outer_1	null_squared_prediction_error_v1	1	453.2069453553231	lower_is_better	all	per_donor	5		200	0	ok_provisional	results/exploratory/p0-03-dev-feasibility/outer_1/outer_1/cnmf_tmp/outer_1.spectra.k_5.dt_2_0.consensus.df.npz
000-full_training_pool-base_identifiable_DEVELOPMENT_r0-outer_1-k5-0228013538ec	000	full_training_pool	base_identifiable_DEVELOPMENT_r0	donor_011	donor	outer_1	null_squared_prediction_error_v1	1	528.376925507963	lower_is_better	all	per_donor	5		200	0	ok_provisional	results/exploratory/p0-03-dev-feasibility/outer_1/outer_1/cnmf_tmp/outer_1.spectra.k_5.dt_2_0.consensus.df.npz
000-full_training_pool-base_identifiable_DEVELOPMENT_r0-outer_1-k5-0228013538ec	000	full_training_pool	base_identifiable_DEVELOPMENT_r0	donor_013	donor	outer_1	null_squared_prediction_error_v1	1	310.26064549467156	lower_is_better	all	per_donor	5		200	0	ok_provisional	results/exploratory/p0-03-dev-feasibility/outer_1/outer_1/cnmf_tmp/outer_1.spectra.k_5.dt_2_0.consensus.df.npz
000-full_training_pool-base_identifiable_DEVELOPMENT_r0-outer_1-k5-0228013538ec	000	full_training_pool	base_identifiable_DEVELOPMENT_r0	donor_015	donor	outer_1	null_squared_prediction_error_v1	1	518.1299617000865	lower_is_better	all	per_donor	5		200	0	ok_provisional	results/exploratory/p0-03-dev-feasibility/outer_1/outer_1/cnmf_tmp/outer_1.spectra.k_5.dt_2_0.consensus.df.npz
000-full_training_pool-base_identifiable_DEVELOPMENT_r0-outer_1-k5-0228013538ec	000	full_training_pool	base_identifiable_DEVELOPMENT_r0	donor_017	donor	outer_1	null_squared_prediction_error_v1	1	422.1695005370706	lower_is_better	all	per_donor	5		200	0	ok_provisional	results/exploratory/p0-03-dev-feasibility/outer_1/outer_1/cnmf_tmp/outer_1.spectra.k_5.dt_2_0.consensus.df.npz
000-full_training_pool-base_identifiable_DEVELOPMENT_r0-outer_1-k5-0228013538ec	000	full_training_pool	base_identifiable_DEVELOPMENT_r0	donor_022	donor	outer_1	null_squared_prediction_error_v1	1	463.33895946725784	lower_is_better	all	per_donor	5		200	0	ok_provisional	results/exploratory/p0-03-dev-feasibility/outer_1/outer_1/cnmf_tmp/outer_1.spectra.k_5.dt_2_0.consensus.df.npz
000-full_training_pool-base_identifiable_DEVELOPMENT_r0-outer_1-k5-0228013538ec	000	full_training_pool	base_identifiable_DEVELOPMENT_r0	ALL_TEST_DONORS	donor	outer_1	null_squared_prediction_error_v1	1	554.8494653166341	lower_is_better	all	equal_donor_mean	5		12	0	ok_provisional	results/exploratory/p0-03-dev-feasibility/outer_1/outer_1/cnmf_tmp/outer_1.spectra.k_5.dt_2_0.consensus.df.npz
000-full_training_pool-base_identifiable_DEVELOPMENT_r0-outer_1-k5-0228013538ec	000	full_training_pool	base_identifiable_DEVELOPMENT_r0	000-full_training_pool-base_identifiable_DEVELOPMENT_r0-outer_1-k5-0228013538ec	experiment	outer_1	wall_seconds_v1	1	1.4472593599930406	lower_is_better	all	experiment	5		1	0	ok_provisional	results/exploratory/p0-03-dev-feasibility/outer_1/outer_1/cnmf_tmp/outer_1.spectra.k_5.dt_2_0.consensus.df.npz
000-full_training_pool-base_identifiable_DEVELOPMENT_r0-outer_1-k5-0228013538ec	000	full_training_pool	base_identifiable_DEVELOPMENT_r0	000-full_training_pool-base_identifiable_DEVELOPMENT_r0-outer_1-k5-0228013538ec	experiment	outer_1	cpu_seconds_v1	1	1.361514155000009	lower_is_better	all	experiment	5		1	0	ok_provisional	results/exploratory/p0-03-dev-feasibility/outer_1/outer_1/cnmf_tmp/outer_1.spectra.k_5.dt_2_0.consensus.df.npz
000-full_training_pool-base_identifiable_DEVELOPMENT_r0-outer_1-k5-0228013538ec	000	full_training_pool	base_identifiable_DEVELOPMENT_r0	000-full_training_pool-base_identifiable_DEVELOPMENT_r0-outer_1-k5-0228013538ec	experiment	outer_1	peak_memory_mb_v1	1	746.7109375	lower_is_better	all	experiment	5		1	0	ok_provisional	results/exploratory/p0-03-dev-feasibility/outer_1/outer_1/cnmf_tmp/outer_1.spectra.k_5.dt_2_0.consensus.df.npz
000-full_training_pool-base_identifiable_DEVELOPMENT_r0-outer_1-k5-0228013538ec	000	full_training_pool	base_identifiable_DEVELOPMENT_r0	000-full_training_pool-base_identifiable_DEVELOPMENT_r0-outer_1-k5-0228013538ec	experiment	outer_1	failed_fits_v1	1	0	lower_is_better	all	experiment	5		1	0	ok_provisional	results/exploratory/p0-03-dev-feasibility/outer_1/outer_1/cnmf_tmp/outer_1.spectra.k_5.dt_2_0.consensus.df.npz
000-full_training_pool-base_identifiable_DEVELOPMENT_r0-outer_1-k6-159448e4a249	000	full_training_pool	base_identifiable_DEVELOPMENT_r0	donor_000	donor	outer_1	heldout_squared_prediction_error_v1	1	452.5339582597103	lower_is_better	all	per_donor	6		200	0	ok_provisional	results/exploratory/p0-03-dev-feasibility/outer_1/outer_1/cnmf_tmp/outer_1.spectra.k_6.dt_2_0.consensus.df.npz
000-full_training_pool-base_identifiable_DEVELOPMENT_r0-outer_1-k6-159448e4a249	000	full_training_pool	base_identifiable_DEVELOPMENT_r0	donor_003	donor	outer_1	heldout_squared_prediction_error_v1	1	567.3652752331785	lower_is_better	all	per_donor	6		200	0	ok_provisional	results/exploratory/p0-03-dev-feasibility/outer_1/outer_1/cnmf_tmp/outer_1.spectra.k_6.dt_2_0.consensus.df.npz
000-full_training_pool-base_identifiable_DEVELOPMENT_r0-outer_1-k6-159448e4a249	000	full_training_pool	base_identifiable_DEVELOPMENT_r0	donor_005	donor	outer_1	heldout_squared_prediction_error_v1	1	623.7232053427583	lower_is_better	all	per_donor	6		200	0	ok_provisional	results/exploratory/p0-03-dev-feasibility/outer_1/outer_1/cnmf_tmp/outer_1.spectra.k_6.dt_2_0.consensus.df.npz
000-full_training_pool-base_identifiable_DEVELOPMENT_r0-outer_1-k6-159448e4a249	000	full_training_pool	base_identifiable_DEVELOPMENT_r0	donor_006	donor	outer_1	heldout_squared_prediction_error_v1	1	340.01501299823724	lower_is_better	all	per_donor	6		200	0	ok_provisional	results/exploratory/p0-03-dev-feasibility/outer_1/outer_1/cnmf_tmp/outer_1.spectra.k_6.dt_2_0.consensus.df.npz
000-full_training_pool-base_identifiable_DEVELOPMENT_r0-outer_1-k6-159448e4a249	000	full_training_pool	base_identifiable_DEVELOPMENT_r0	donor_007	donor	outer_1	heldout_squared_prediction_error_v1	1	475.3843313230734	lower_is_better	all	per_donor	6		200	0	ok_provisional	results/exploratory/p0-03-dev-feasibility/outer_1/outer_1/cnmf_tmp/outer_1.spectra.k_6.dt_2_0.consensus.df.npz
000-full_training_pool-base_identifiable_DEVELOPMENT_r0-outer_1-k6-159448e4a249	000	full_training_pool	base_identifiable_DEVELOPMENT_r0	donor_009	donor	outer_1	heldout_squared_prediction_error_v1	1	375.87517581893684	lower_is_better	all	per_donor	6		200	0	ok_provisional	results/exploratory/p0-03-dev-feasibility/outer_1/outer_1/cnmf_tmp/outer_1.spectra.k_6.dt_2_0.consensus.df.npz
000-full_training_pool-base_identifiable_DEVELOPMENT_r0-outer_1-k6-159448e4a249	000	full_training_pool	base_identifiable_DEVELOPMENT_r0	donor_010	donor	outer_1	heldout_squared_prediction_error_v1	1	398.74402947242345	lower_is_better	all	per_donor	6		200	0	ok_provisional	results/exploratory/p0-03-dev-feasibility/outer_1/outer_1/cnmf_tmp/outer_1.spectra.k_6.dt_2_0.consensus.df.npz
000-full_training_pool-base_identifiable_DEVELOPMENT_r0-outer_1-k6-159448e4a249	000	full_training_pool	base_identifiable_DEVELOPMENT_r0	donor_011	donor	outer_1	heldout_squared_prediction_error_v1	1	406.7898777880726	lower_is_better	all	per_donor	6		200	0	ok_provisional	results/exploratory/p0-03-dev-feasibility/outer_1/outer_1/cnmf_tmp/outer_1.spectra.k_6.dt_2_0.consensus.df.npz
000-full_training_pool-base_identifiable_DEVELOPMENT_r0-outer_1-k6-159448e4a249	000	full_training_pool	base_identifiable_DEVELOPMENT_r0	donor_013	donor	outer_1	heldout_squared_prediction_error_v1	1	283.14706143705604	lower_is_better	all	per_donor	6		200	0	ok_provisional	results/exploratory/p0-03-dev-feasibility/outer_1/outer_1/cnmf_tmp/outer_1.spectra.k_6.dt_2_0.consensus.df.npz
000-full_training_pool-base_identifiable_DEVELOPMENT_r0-outer_1-k6-159448e4a249	000	full_training_pool	base_identifiable_DEVELOPMENT_r0	donor_015	donor	outer_1	heldout_squared_prediction_error_v1	1	402.9213814781349	lower_is_better	all	per_donor	6		200	0	ok_provisional	results/exploratory/p0-03-dev-feasibility/outer_1/outer_1/cnmf_tmp/outer_1.spectra.k_6.dt_2_0.consensus.df.npz
000-full_training_pool-base_identifiable_DEVELOPMENT_r0-outer_1-k6-159448e4a249	000	full_training_pool	base_identifiable_DEVELOPMENT_r0	donor_017	donor	outer_1	heldout_squared_prediction_error_v1	1	358.09712270253084	lower_is_better	all	per_donor	6		200	0	ok_provisional	results/exploratory/p0-03-dev-feasibility/outer_1/outer_1/cnmf_tmp/outer_1.spectra.k_6.dt_2_0.consensus.df.npz
000-full_training_pool-base_identifiable_DEVELOPMENT_r0-outer_1-k6-159448e4a249	000	full_training_pool	base_identifiable_DEVELOPMENT_r0	donor_022	donor	outer_1	heldout_squared_prediction_error_v1	1	405.0169494619963	lower_is_better	all	per_donor	6		200	0	ok_provisional	results/exploratory/p0-03-dev-feasibility/outer_1/outer_1/cnmf_tmp/outer_1.spectra.k_6.dt_2_0.consensus.df.npz
000-full_training_pool-base_identifiable_DEVELOPMENT_r0-outer_1-k6-159448e4a249	000	full_training_pool	base_identifiable_DEVELOPMENT_r0	ALL_TEST_DONORS	donor	outer_1	heldout_squared_prediction_error_v1	1	424.13444844300903	lower_is_better	all	equal_donor_mean	6		12	0	ok_provisional	results/exploratory/p0-03-dev-feasibility/outer_1/outer_1/cnmf_tmp/outer_1.spectra.k_6.dt_2_0.consensus.df.npz
000-full_training_pool-base_identifiable_DEVELOPMENT_r0-outer_1-k6-159448e4a249	000	full_training_pool	base_identifiable_DEVELOPMENT_r0	donor_000	donor	outer_1	heldout_squared_prediction_error_counts_v1	1	989.6743378329236	lower_is_better	all	per_donor	6		200	0	ok_provisional	results/exploratory/p0-03-dev-feasibility/outer_1/outer_1/cnmf_tmp/outer_1.spectra.k_6.dt_2_0.consensus.df.npz
000-full_training_pool-base_identifiable_DEVELOPMENT_r0-outer_1-k6-159448e4a249	000	full_training_pool	base_identifiable_DEVELOPMENT_r0	donor_003	donor	outer_1	heldout_squared_prediction_error_counts_v1	1	1226.6132971547315	lower_is_better	all	per_donor	6		200	0	ok_provisional	results/exploratory/p0-03-dev-feasibility/outer_1/outer_1/cnmf_tmp/outer_1.spectra.k_6.dt_2_0.consensus.df.npz
000-full_training_pool-base_identifiable_DEVELOPMENT_r0-outer_1-k6-159448e4a249	000	full_training_pool	base_identifiable_DEVELOPMENT_r0	donor_005	donor	outer_1	heldout_squared_prediction_error_counts_v1	1	1315.7693745034796	lower_is_better	all	per_donor	6		200	0	ok_provisional	results/exploratory/p0-03-dev-feasibility/outer_1/outer_1/cnmf_tmp/outer_1.spectra.k_6.dt_2_0.consensus.df.npz
000-full_training_pool-base_identifiable_DEVELOPMENT_r0-outer_1-k6-159448e4a249	000	full_training_pool	base_identifiable_DEVELOPMENT_r0	donor_006	donor	outer_1	heldout_squared_prediction_error_counts_v1	1	753.5602504037197	lower_is_better	all	per_donor	6		200	0	ok_provisional	results/exploratory/p0-03-dev-feasibility/outer_1/outer_1/cnmf_tmp/outer_1.spectra.k_6.dt_2_0.consensus.df.npz
000-full_training_pool-base_identifiable_DEVELOPMENT_r0-outer_1-k6-159448e4a249	000	full_training_pool	base_identifiable_DEVELOPMENT_r0	donor_007	donor	outer_1	heldout_squared_prediction_error_counts_v1	1	989.1962473125702	lower_is_better	all	per_donor	6		200	0	ok_provisional	results/exploratory/p0-03-dev-feasibility/outer_1/outer_1/cnmf_tmp/outer_1.spectra.k_6.dt_2_0.consensus.df.npz
000-full_training_pool-base_identifiable_DEVELOPMENT_r0-outer_1-k6-159448e4a249	000	full_training_pool	base_identifiable_DEVELOPMENT_r0	donor_009	donor	outer_1	heldout_squared_prediction_error_counts_v1	1	806.2627811417805	lower_is_better	all	per_donor	6		200	0	ok_provisional	results/exploratory/p0-03-dev-feasibility/outer_1/outer_1/cnmf_tmp/outer_1.spectra.k_6.dt_2_0.consensus.df.npz
000-full_training_pool-base_identifiable_DEVELOPMENT_r0-outer_1-k6-159448e4a249	000	full_training_pool	base_identifiable_DEVELOPMENT_r0	donor_010	donor	outer_1	heldout_squared_prediction_error_counts_v1	1	865.4303712742621	lower_is_better	all	per_donor	6		200	0	ok_provisional	results/exploratory/p0-03-dev-feasibility/outer_1/outer_1/cnmf_tmp/outer_1.spectra.k_6.dt_2_0.consensus.df.npz
000-full_training_pool-base_identifiable_DEVELOPMENT_r0-outer_1-k6-159448e4a249	000	full_training_pool	base_identifiable_DEVELOPMENT_r0	donor_011	donor	outer_1	heldout_squared_prediction_error_counts_v1	1	924.2169097221933	lower_is_better	all	per_donor	6		200	0	ok_provisional	results/exploratory/p0-03-dev-feasibility/outer_1/outer_1/cnmf_tmp/outer_1.spectra.k_6.dt_2_0.consensus.df.npz
000-full_training_pool-base_identifiable_DEVELOPMENT_r0-outer_1-k6-159448e4a249	000	full_training_pool	base_identifiable_DEVELOPMENT_r0	donor_013	donor	outer_1	heldout_squared_prediction_error_counts_v1	1	622.0918281599501	lower_is_better	all	per_donor	6		200	0	ok_provisional	results/exploratory/p0-03-dev-feasibility/outer_1/outer_1/cnmf_tmp/outer_1.spectra.k_6.dt_2_0.consensus.df.npz
000-full_training_pool-base_identifiable_DEVELOPMENT_r0-outer_1-k6-159448e4a249	000	full_training_pool	base_identifiable_DEVELOPMENT_r0	donor_015	donor	outer_1	heldout_squared_prediction_error_counts_v1	1	875.0469054699039	lower_is_better	all	per_donor	6		200	0	ok_provisional	results/exploratory/p0-03-dev-feasibility/outer_1/outer_1/cnmf_tmp/outer_1.spectra.k_6.dt_2_0.consensus.df.npz
000-full_training_pool-base_identifiable_DEVELOPMENT_r0-outer_1-k6-159448e4a249	000	full_training_pool	base_identifiable_DEVELOPMENT_r0	donor_017	donor	outer_1	heldout_squared_prediction_error_counts_v1	1	793.904105575865	lower_is_better	all	per_donor	6		200	0	ok_provisional	results/exploratory/p0-03-dev-feasibility/outer_1/outer_1/cnmf_tmp/outer_1.spectra.k_6.dt_2_0.consensus.df.npz
000-full_training_pool-base_identifiable_DEVELOPMENT_r0-outer_1-k6-159448e4a249	000	full_training_pool	base_identifiable_DEVELOPMENT_r0	donor_022	donor	outer_1	heldout_squared_prediction_error_counts_v1	1	899.9633579154709	lower_is_better	all	per_donor	6		200	0	ok_provisional	results/exploratory/p0-03-dev-feasibility/outer_1/outer_1/cnmf_tmp/outer_1.spectra.k_6.dt_2_0.consensus.df.npz
000-full_training_pool-base_identifiable_DEVELOPMENT_r0-outer_1-k6-159448e4a249	000	full_training_pool	base_identifiable_DEVELOPMENT_r0	ALL_TEST_DONORS	donor	outer_1	heldout_squared_prediction_error_counts_v1	1	921.8108138722374	lower_is_better	all	equal_donor_mean	6		12	0	ok_provisional	results/exploratory/p0-03-dev-feasibility/outer_1/outer_1/cnmf_tmp/outer_1.spectra.k_6.dt_2_0.consensus.df.npz
000-full_training_pool-base_identifiable_DEVELOPMENT_r0-outer_1-k6-159448e4a249	000	full_training_pool	base_identifiable_DEVELOPMENT_r0	donor_000	donor	outer_1	null_squared_prediction_error_v1	1	545.0473852776363	lower_is_better	all	per_donor	6		200	0	ok_provisional	results/exploratory/p0-03-dev-feasibility/outer_1/outer_1/cnmf_tmp/outer_1.spectra.k_6.dt_2_0.consensus.df.npz
000-full_training_pool-base_identifiable_DEVELOPMENT_r0-outer_1-k6-159448e4a249	000	full_training_pool	base_identifiable_DEVELOPMENT_r0	donor_003	donor	outer_1	null_squared_prediction_error_v1	1	784.2569920265549	lower_is_better	all	per_donor	6		200	0	ok_provisional	results/exploratory/p0-03-dev-feasibility/outer_1/outer_1/cnmf_tmp/outer_1.spectra.k_6.dt_2_0.consensus.df.npz
000-full_training_pool-base_identifiable_DEVELOPMENT_r0-outer_1-k6-159448e4a249	000	full_training_pool	base_identifiable_DEVELOPMENT_r0	donor_005	donor	outer_1	null_squared_prediction_error_v1	1	1017.619434247824	lower_is_better	all	per_donor	6		200	0	ok_provisional	results/exploratory/p0-03-dev-feasibility/outer_1/outer_1/cnmf_tmp/outer_1.spectra.k_6.dt_2_0.consensus.df.npz
000-full_training_pool-base_identifiable_DEVELOPMENT_r0-outer_1-k6-159448e4a249	000	full_training_pool	base_identifiable_DEVELOPMENT_r0	donor_006	donor	outer_1	null_squared_prediction_error_v1	1	378.69735663838367	lower_is_better	all	per_donor	6		200	0	ok_provisional	results/exploratory/p0-03-dev-feasibility/outer_1/outer_1/cnmf_tmp/outer_1.spectra.k_6.dt_2_0.consensus.df.npz
000-full_training_pool-base_identifiable_DEVELOPMENT_r0-outer_1-k6-159448e4a249	000	full_training_pool	base_identifiable_DEVELOPMENT_r0	donor_007	donor	outer_1	null_squared_prediction_error_v1	1	749.404010558099	lower_is_better	all	per_donor	6		200	0	ok_provisional	results/exploratory/p0-03-dev-feasibility/outer_1/outer_1/cnmf_tmp/outer_1.spectra.k_6.dt_2_0.consensus.df.npz
000-full_training_pool-base_identifiable_DEVELOPMENT_r0-outer_1-k6-159448e4a249	000	full_training_pool	base_identifiable_DEVELOPMENT_r0	donor_009	donor	outer_1	null_squared_prediction_error_v1	1	487.685466988738	lower_is_better	all	per_donor	6		200	0	ok_provisional	results/exploratory/p0-03-dev-feasibility/outer_1/outer_1/cnmf_tmp/outer_1.spectra.k_6.dt_2_0.consensus.df.npz
000-full_training_pool-base_identifiable_DEVELOPMENT_r0-outer_1-k6-159448e4a249	000	full_training_pool	base_identifiable_DEVELOPMENT_r0	donor_010	donor	outer_1	null_squared_prediction_error_v1	1	453.2069453553231	lower_is_better	all	per_donor	6		200	0	ok_provisional	results/exploratory/p0-03-dev-feasibility/outer_1/outer_1/cnmf_tmp/outer_1.spectra.k_6.dt_2_0.consensus.df.npz
000-full_training_pool-base_identifiable_DEVELOPMENT_r0-outer_1-k6-159448e4a249	000	full_training_pool	base_identifiable_DEVELOPMENT_r0	donor_011	donor	outer_1	null_squared_prediction_error_v1	1	528.376925507963	lower_is_better	all	per_donor	6		200	0	ok_provisional	results/exploratory/p0-03-dev-feasibility/outer_1/outer_1/cnmf_tmp/outer_1.spectra.k_6.dt_2_0.consensus.df.npz
000-full_training_pool-base_identifiable_DEVELOPMENT_r0-outer_1-k6-159448e4a249	000	full_training_pool	base_identifiable_DEVELOPMENT_r0	donor_013	donor	outer_1	null_squared_prediction_error_v1	1	310.26064549467156	lower_is_better	all	per_donor	6		200	0	ok_provisional	results/exploratory/p0-03-dev-feasibility/outer_1/outer_1/cnmf_tmp/outer_1.spectra.k_6.dt_2_0.consensus.df.npz
000-full_training_pool-base_identifiable_DEVELOPMENT_r0-outer_1-k6-159448e4a249	000	full_training_pool	base_identifiable_DEVELOPMENT_r0	donor_015	donor	outer_1	null_squared_prediction_error_v1	1	518.1299617000865	lower_is_better	all	per_donor	6		200	0	ok_provisional	results/exploratory/p0-03-dev-feasibility/outer_1/outer_1/cnmf_tmp/outer_1.spectra.k_6.dt_2_0.consensus.df.npz
000-full_training_pool-base_identifiable_DEVELOPMENT_r0-outer_1-k6-159448e4a249	000	full_training_pool	base_identifiable_DEVELOPMENT_r0	donor_017	donor	outer_1	null_squared_prediction_error_v1	1	422.1695005370706	lower_is_better	all	per_donor	6		200	0	ok_provisional	results/exploratory/p0-03-dev-feasibility/outer_1/outer_1/cnmf_tmp/outer_1.spectra.k_6.dt_2_0.consensus.df.npz
000-full_training_pool-base_identifiable_DEVELOPMENT_r0-outer_1-k6-159448e4a249	000	full_training_pool	base_identifiable_DEVELOPMENT_r0	donor_022	donor	outer_1	null_squared_prediction_error_v1	1	463.33895946725784	lower_is_better	all	per_donor	6		200	0	ok_provisional	results/exploratory/p0-03-dev-feasibility/outer_1/outer_1/cnmf_tmp/outer_1.spectra.k_6.dt_2_0.consensus.df.npz
000-full_training_pool-base_identifiable_DEVELOPMENT_r0-outer_1-k6-159448e4a249	000	full_training_pool	base_identifiable_DEVELOPMENT_r0	ALL_TEST_DONORS	donor	outer_1	null_squared_prediction_error_v1	1	554.8494653166341	lower_is_better	all	equal_donor_mean	6		12	0	ok_provisional	results/exploratory/p0-03-dev-feasibility/outer_1/outer_1/cnmf_tmp/outer_1.spectra.k_6.dt_2_0.consensus.df.npz
000-full_training_pool-base_identifiable_DEVELOPMENT_r0-outer_1-k6-159448e4a249	000	full_training_pool	base_identifiable_DEVELOPMENT_r0	000-full_training_pool-base_identifiable_DEVELOPMENT_r0-outer_1-k6-159448e4a249	experiment	outer_1	wall_seconds_v1	1	1.6274883639998734	lower_is_better	all	experiment	6		1	0	ok_provisional	results/exploratory/p0-03-dev-feasibility/outer_1/outer_1/cnmf_tmp/outer_1.spectra.k_6.dt_2_0.consensus.df.npz
000-full_training_pool-base_identifiable_DEVELOPMENT_r0-outer_1-k6-159448e4a249	000	full_training_pool	base_identifiable_DEVELOPMENT_r0	000-full_training_pool-base_identifiable_DEVELOPMENT_r0-outer_1-k6-159448e4a249	experiment	outer_1	cpu_seconds_v1	1	1.5362273940000932	lower_is_better	all	experiment	6		1	0	ok_provisional	results/exploratory/p0-03-dev-feasibility/outer_1/outer_1/cnmf_tmp/outer_1.spectra.k_6.dt_2_0.consensus.df.npz
000-full_training_pool-base_identifiable_DEVELOPMENT_r0-outer_1-k6-159448e4a249	000	full_training_pool	base_identifiable_DEVELOPMENT_r0	000-full_training_pool-base_identifiable_DEVELOPMENT_r0-outer_1-k6-159448e4a249	experiment	outer_1	peak_memory_mb_v1	1	746.7109375	lower_is_better	all	experiment	6		1	0	ok_provisional	results/exploratory/p0-03-dev-feasibility/outer_1/outer_1/cnmf_tmp/outer_1.spectra.k_6.dt_2_0.consensus.df.npz
000-full_training_pool-base_identifiable_DEVELOPMENT_r0-outer_1-k6-159448e4a249	000	full_training_pool	base_identifiable_DEVELOPMENT_r0	000-full_training_pool-base_identifiable_DEVELOPMENT_r0-outer_1-k6-159448e4a249	experiment	outer_1	failed_fits_v1	1	0	lower_is_better	all	experiment	6		1	0	ok_provisional	results/exploratory/p0-03-dev-feasibility/outer_1/outer_1/cnmf_tmp/outer_1.spectra.k_6.dt_2_0.consensus.df.npz
000-full_training_pool-base_identifiable_DEVELOPMENT_r0-outer_1-k7-7a963aa0d98c	000	full_training_pool	base_identifiable_DEVELOPMENT_r0	donor_000	donor	outer_1	heldout_squared_prediction_error_v1	1	447.134987248322	lower_is_better	all	per_donor	7		200	0	ok_provisional	results/exploratory/p0-03-dev-feasibility/outer_1/outer_1/cnmf_tmp/outer_1.spectra.k_7.dt_2_0.consensus.df.npz
000-full_training_pool-base_identifiable_DEVELOPMENT_r0-outer_1-k7-7a963aa0d98c	000	full_training_pool	base_identifiable_DEVELOPMENT_r0	donor_003	donor	outer_1	heldout_squared_prediction_error_v1	1	560.5469388232922	lower_is_better	all	per_donor	7		200	0	ok_provisional	results/exploratory/p0-03-dev-feasibility/outer_1/outer_1/cnmf_tmp/outer_1.spectra.k_7.dt_2_0.consensus.df.npz
000-full_training_pool-base_identifiable_DEVELOPMENT_r0-outer_1-k7-7a963aa0d98c	000	full_training_pool	base_identifiable_DEVELOPMENT_r0	donor_005	donor	outer_1	heldout_squared_prediction_error_v1	1	617.430612865359	lower_is_better	all	per_donor	7		200	0	ok_provisional	results/exploratory/p0-03-dev-feasibility/outer_1/outer_1/cnmf_tmp/outer_1.spectra.k_7.dt_2_0.consensus.df.npz
000-full_training_pool-base_identifiable_DEVELOPMENT_r0-outer_1-k7-7a963aa0d98c	000	full_training_pool	base_identifiable_DEVELOPMENT_r0	donor_006	donor	outer_1	heldout_squared_prediction_error_v1	1	337.2996581582494	lower_is_better	all	per_donor	7		200	0	ok_provisional	results/exploratory/p0-03-dev-feasibility/outer_1/outer_1/cnmf_tmp/outer_1.spectra.k_7.dt_2_0.consensus.df.npz
000-full_training_pool-base_identifiable_DEVELOPMENT_r0-outer_1-k7-7a963aa0d98c	000	full_training_pool	base_identifiable_DEVELOPMENT_r0	donor_007	donor	outer_1	heldout_squared_prediction_error_v1	1	471.20616818354046	lower_is_better	all	per_donor	7		200	0	ok_provisional	results/exploratory/p0-03-dev-feasibility/outer_1/outer_1/cnmf_tmp/outer_1.spectra.k_7.dt_2_0.consensus.df.npz
000-full_training_pool-base_identifiable_DEVELOPMENT_r0-outer_1-k7-7a963aa0d98c	000	full_training_pool	base_identifiable_DEVELOPMENT_r0	donor_009	donor	outer_1	heldout_squared_prediction_error_v1	1	373.780385778207	lower_is_better	all	per_donor	7		200	0	ok_provisional	results/exploratory/p0-03-dev-feasibility/outer_1/outer_1/cnmf_tmp/outer_1.spectra.k_7.dt_2_0.consensus.df.npz
000-full_training_pool-base_identifiable_DEVELOPMENT_r0-outer_1-k7-7a963aa0d98c	000	full_training_pool	base_identifiable_DEVELOPMENT_r0	donor_010	donor	outer_1	heldout_squared_prediction_error_v1	1	395.26206922012994	lower_is_better	all	per_donor	7		200	0	ok_provisional	results/exploratory/p0-03-dev-feasibility/outer_1/outer_1/cnmf_tmp/outer_1.spectra.k_7.dt_2_0.consensus.df.npz
000-full_training_pool-base_identifiable_DEVELOPMENT_r0-outer_1-k7-7a963aa0d98c	000	full_training_pool	base_identifiable_DEVELOPMENT_r0	donor_011	donor	outer_1	heldout_squared_prediction_error_v1	1	402.8881472728223	lower_is_better	all	per_donor	7		200	0	ok_provisional	results/exploratory/p0-03-dev-feasibility/outer_1/outer_1/cnmf_tmp/outer_1.spectra.k_7.dt_2_0.consensus.df.npz
000-full_training_pool-base_identifiable_DEVELOPMENT_r0-outer_1-k7-7a963aa0d98c	000	full_training_pool	base_identifiable_DEVELOPMENT_r0	donor_013	donor	outer_1	heldout_squared_prediction_error_v1	1	281.34844081696485	lower_is_better	all	per_donor	7		200	0	ok_provisional	results/exploratory/p0-03-dev-feasibility/outer_1/outer_1/cnmf_tmp/outer_1.spectra.k_7.dt_2_0.consensus.df.npz
000-full_training_pool-base_identifiable_DEVELOPMENT_r0-outer_1-k7-7a963aa0d98c	000	full_training_pool	base_identifiable_DEVELOPMENT_r0	donor_015	donor	outer_1	heldout_squared_prediction_error_v1	1	399.9892192845582	lower_is_better	all	per_donor	7		200	0	ok_provisional	results/exploratory/p0-03-dev-feasibility/outer_1/outer_1/cnmf_tmp/outer_1.spectra.k_7.dt_2_0.consensus.df.npz
000-full_training_pool-base_identifiable_DEVELOPMENT_r0-outer_1-k7-7a963aa0d98c	000	full_training_pool	base_identifiable_DEVELOPMENT_r0	donor_017	donor	outer_1	heldout_squared_prediction_error_v1	1	355.63076896465833	lower_is_better	all	per_donor	7		200	0	ok_provisional	results/exploratory/p0-03-dev-feasibility/outer_1/outer_1/cnmf_tmp/outer_1.spectra.k_7.dt_2_0.consensus.df.npz
000-full_training_pool-base_identifiable_DEVELOPMENT_r0-outer_1-k7-7a963aa0d98c	000	full_training_pool	base_identifiable_DEVELOPMENT_r0	donor_022	donor	outer_1	heldout_squared_prediction_error_v1	1	401.43882441230556	lower_is_better	all	per_donor	7		200	0	ok_provisional	results/exploratory/p0-03-dev-feasibility/outer_1/outer_1/cnmf_tmp/outer_1.spectra.k_7.dt_2_0.consensus.df.npz
000-full_training_pool-base_identifiable_DEVELOPMENT_r0-outer_1-k7-7a963aa0d98c	000	full_training_pool	base_identifiable_DEVELOPMENT_r0	ALL_TEST_DONORS	donor	outer_1	heldout_squared_prediction_error_v1	1	420.32968508570076	lower_is_better	all	equal_donor_mean	7		12	0	ok_provisional	results/exploratory/p0-03-dev-feasibility/outer_1/outer_1/cnmf_tmp/outer_1.spectra.k_7.dt_2_0.consensus.df.npz
000-full_training_pool-base_identifiable_DEVELOPMENT_r0-outer_1-k7-7a963aa0d98c	000	full_training_pool	base_identifiable_DEVELOPMENT_r0	donor_000	donor	outer_1	heldout_squared_prediction_error_counts_v1	1	964.0599028557419	lower_is_better	all	per_donor	7		200	0	ok_provisional	results/exploratory/p0-03-dev-feasibility/outer_1/outer_1/cnmf_tmp/outer_1.spectra.k_7.dt_2_0.consensus.df.npz
000-full_training_pool-base_identifiable_DEVELOPMENT_r0-outer_1-k7-7a963aa0d98c	000	full_training_pool	base_identifiable_DEVELOPMENT_r0	donor_003	donor	outer_1	heldout_squared_prediction_error_counts_v1	1	1190.3753594306754	lower_is_better	all	per_donor	7		200	0	ok_provisional	results/exploratory/p0-03-dev-feasibility/outer_1/outer_1/cnmf_tmp/outer_1.spectra.k_7.dt_2_0.consensus.df.npz
000-full_training_pool-base_identifiable_DEVELOPMENT_r0-outer_1-k7-7a963aa0d98c	000	full_training_pool	base_identifiable_DEVELOPMENT_r0	donor_005	donor	outer_1	heldout_squared_prediction_error_counts_v1	1	1279.2922263136907	lower_is_better	all	per_donor	7		200	0	ok_provisional	results/exploratory/p0-03-dev-feasibility/outer_1/outer_1/cnmf_tmp/outer_1.spectra.k_7.dt_2_0.consensus.df.npz
000-full_training_pool-base_identifiable_DEVELOPMENT_r0-outer_1-k7-7a963aa0d98c	000	full_training_pool	base_identifiable_DEVELOPMENT_r0	donor_006	donor	outer_1	heldout_squared_prediction_error_counts_v1	1	738.2457550977493	lower_is_better	all	per_donor	7		200	0	ok_provisional	results/exploratory/p0-03-dev-feasibility/outer_1/outer_1/cnmf_tmp/outer_1.spectra.k_7.dt_2_0.consensus.df.npz
000-full_training_pool-base_identifiable_DEVELOPMENT_r0-outer_1-k7-7a963aa0d98c	000	full_training_pool	base_identifiable_DEVELOPMENT_r0	donor_007	donor	outer_1	heldout_squared_prediction_error_counts_v1	1	964.5364278009979	lower_is_better	all	per_donor	7		200	0	ok_provisional	results/exploratory/p0-03-dev-feasibility/outer_1/outer_1/cnmf_tmp/outer_1.spectra.k_7.dt_2_0.consensus.df.npz
000-full_training_pool-base_identifiable_DEVELOPMENT_r0-outer_1-k7-7a963aa0d98c	000	full_training_pool	base_identifiable_DEVELOPMENT_r0	donor_009	donor	outer_1	heldout_squared_prediction_error_counts_v1	1	795.4320011036282	lower_is_better	all	per_donor	7		200	0	ok_provisional	results/exploratory/p0-03-dev-feasibility/outer_1/outer_1/cnmf_tmp/outer_1.spectra.k_7.dt_2_0.consensus.df.npz
000-full_training_pool-base_identifiable_DEVELOPMENT_r0-outer_1-k7-7a963aa0d98c	000	full_training_pool	base_identifiable_DEVELOPMENT_r0	donor_010	donor	outer_1	heldout_squared_prediction_error_counts_v1	1	847.825271867548	lower_is_better	all	per_donor	7		200	0	ok_provisional	results/exploratory/p0-03-dev-feasibility/outer_1/outer_1/cnmf_tmp/outer_1.spectra.k_7.dt_2_0.consensus.df.npz
000-full_training_pool-base_identifiable_DEVELOPMENT_r0-outer_1-k7-7a963aa0d98c	000	full_training_pool	base_identifiable_DEVELOPMENT_r0	donor_011	donor	outer_1	heldout_squared_prediction_error_counts_v1	1	905.2681298718747	lower_is_better	all	per_donor	7		200	0	ok_provisional	results/exploratory/p0-03-dev-feasibility/outer_1/outer_1/cnmf_tmp/outer_1.spectra.k_7.dt_2_0.consensus.df.npz
000-full_training_pool-base_identifiable_DEVELOPMENT_r0-outer_1-k7-7a963aa0d98c	000	full_training_pool	base_identifiable_DEVELOPMENT_r0	donor_013	donor	outer_1	heldout_squared_prediction_error_counts_v1	1	611.8424884766109	lower_is_better	all	per_donor	7		200	0	ok_provisional	results/exploratory/p0-03-dev-feasibility/outer_1/outer_1/cnmf_tmp/outer_1.spectra.k_7.dt_2_0.consensus.df.npz
000-full_training_pool-base_identifiable_DEVELOPMENT_r0-outer_1-k7-7a963aa0d98c	000	full_training_pool	base_identifiable_DEVELOPMENT_r0	donor_015	donor	outer_1	heldout_squared_prediction_error_counts_v1	1	858.0557295209269	lower_is_better	all	per_donor	7		200	0	ok_provisional	results/exploratory/p0-03-dev-feasibility/outer_1/outer_1/cnmf_tmp/outer_1.spectra.k_7.dt_2_0.consensus.df.npz
000-full_training_pool-base_identifiable_DEVELOPMENT_r0-outer_1-k7-7a963aa0d98c	000	full_training_pool	base_identifiable_DEVELOPMENT_r0	donor_017	donor	outer_1	heldout_squared_prediction_error_counts_v1	1	779.190009835496	lower_is_better	all	per_donor	7		200	0	ok_provisional	results/exploratory/p0-03-dev-feasibility/outer_1/outer_1/cnmf_tmp/outer_1.spectra.k_7.dt_2_0.consensus.df.npz
000-full_training_pool-base_identifiable_DEVELOPMENT_r0-outer_1-k7-7a963aa0d98c	000	full_training_pool	base_identifiable_DEVELOPMENT_r0	donor_022	donor	outer_1	heldout_squared_prediction_error_counts_v1	1	877.78999908814	lower_is_better	all	per_donor	7		200	0	ok_provisional	results/exploratory/p0-03-dev-feasibility/outer_1/outer_1/cnmf_tmp/outer_1.spectra.k_7.dt_2_0.consensus.df.npz
000-full_training_pool-base_identifiable_DEVELOPMENT_r0-outer_1-k7-7a963aa0d98c	000	full_training_pool	base_identifiable_DEVELOPMENT_r0	ALL_TEST_DONORS	donor	outer_1	heldout_squared_prediction_error_counts_v1	1	900.9927751052568	lower_is_better	all	equal_donor_mean	7		12	0	ok_provisional	results/exploratory/p0-03-dev-feasibility/outer_1/outer_1/cnmf_tmp/outer_1.spectra.k_7.dt_2_0.consensus.df.npz
000-full_training_pool-base_identifiable_DEVELOPMENT_r0-outer_1-k7-7a963aa0d98c	000	full_training_pool	base_identifiable_DEVELOPMENT_r0	donor_000	donor	outer_1	null_squared_prediction_error_v1	1	545.0473852776363	lower_is_better	all	per_donor	7		200	0	ok_provisional	results/exploratory/p0-03-dev-feasibility/outer_1/outer_1/cnmf_tmp/outer_1.spectra.k_7.dt_2_0.consensus.df.npz
000-full_training_pool-base_identifiable_DEVELOPMENT_r0-outer_1-k7-7a963aa0d98c	000	full_training_pool	base_identifiable_DEVELOPMENT_r0	donor_003	donor	outer_1	null_squared_prediction_error_v1	1	784.2569920265549	lower_is_better	all	per_donor	7		200	0	ok_provisional	results/exploratory/p0-03-dev-feasibility/outer_1/outer_1/cnmf_tmp/outer_1.spectra.k_7.dt_2_0.consensus.df.npz
000-full_training_pool-base_identifiable_DEVELOPMENT_r0-outer_1-k7-7a963aa0d98c	000	full_training_pool	base_identifiable_DEVELOPMENT_r0	donor_005	donor	outer_1	null_squared_prediction_error_v1	1	1017.619434247824	lower_is_better	all	per_donor	7		200	0	ok_provisional	results/exploratory/p0-03-dev-feasibility/outer_1/outer_1/cnmf_tmp/outer_1.spectra.k_7.dt_2_0.consensus.df.npz
000-full_training_pool-base_identifiable_DEVELOPMENT_r0-outer_1-k7-7a963aa0d98c	000	full_training_pool	base_identifiable_DEVELOPMENT_r0	donor_006	donor	outer_1	null_squared_prediction_error_v1	1	378.69735663838367	lower_is_better	all	per_donor	7		200	0	ok_provisional	results/exploratory/p0-03-dev-feasibility/outer_1/outer_1/cnmf_tmp/outer_1.spectra.k_7.dt_2_0.consensus.df.npz
000-full_training_pool-base_identifiable_DEVELOPMENT_r0-outer_1-k7-7a963aa0d98c	000	full_training_pool	base_identifiable_DEVELOPMENT_r0	donor_007	donor	outer_1	null_squared_prediction_error_v1	1	749.404010558099	lower_is_better	all	per_donor	7		200	0	ok_provisional	results/exploratory/p0-03-dev-feasibility/outer_1/outer_1/cnmf_tmp/outer_1.spectra.k_7.dt_2_0.consensus.df.npz
000-full_training_pool-base_identifiable_DEVELOPMENT_r0-outer_1-k7-7a963aa0d98c	000	full_training_pool	base_identifiable_DEVELOPMENT_r0	donor_009	donor	outer_1	null_squared_prediction_error_v1	1	487.685466988738	lower_is_better	all	per_donor	7		200	0	ok_provisional	results/exploratory/p0-03-dev-feasibility/outer_1/outer_1/cnmf_tmp/outer_1.spectra.k_7.dt_2_0.consensus.df.npz
000-full_training_pool-base_identifiable_DEVELOPMENT_r0-outer_1-k7-7a963aa0d98c	000	full_training_pool	base_identifiable_DEVELOPMENT_r0	donor_010	donor	outer_1	null_squared_prediction_error_v1	1	453.2069453553231	lower_is_better	all	per_donor	7		200	0	ok_provisional	results/exploratory/p0-03-dev-feasibility/outer_1/outer_1/cnmf_tmp/outer_1.spectra.k_7.dt_2_0.consensus.df.npz
000-full_training_pool-base_identifiable_DEVELOPMENT_r0-outer_1-k7-7a963aa0d98c	000	full_training_pool	base_identifiable_DEVELOPMENT_r0	donor_011	donor	outer_1	null_squared_prediction_error_v1	1	528.376925507963	lower_is_better	all	per_donor	7		200	0	ok_provisional	results/exploratory/p0-03-dev-feasibility/outer_1/outer_1/cnmf_tmp/outer_1.spectra.k_7.dt_2_0.consensus.df.npz
000-full_training_pool-base_identifiable_DEVELOPMENT_r0-outer_1-k7-7a963aa0d98c	000	full_training_pool	base_identifiable_DEVELOPMENT_r0	donor_013	donor	outer_1	null_squared_prediction_error_v1	1	310.26064549467156	lower_is_better	all	per_donor	7		200	0	ok_provisional	results/exploratory/p0-03-dev-feasibility/outer_1/outer_1/cnmf_tmp/outer_1.spectra.k_7.dt_2_0.consensus.df.npz
000-full_training_pool-base_identifiable_DEVELOPMENT_r0-outer_1-k7-7a963aa0d98c	000	full_training_pool	base_identifiable_DEVELOPMENT_r0	donor_015	donor	outer_1	null_squared_prediction_error_v1	1	518.1299617000865	lower_is_better	all	per_donor	7		200	0	ok_provisional	results/exploratory/p0-03-dev-feasibility/outer_1/outer_1/cnmf_tmp/outer_1.spectra.k_7.dt_2_0.consensus.df.npz
000-full_training_pool-base_identifiable_DEVELOPMENT_r0-outer_1-k7-7a963aa0d98c	000	full_training_pool	base_identifiable_DEVELOPMENT_r0	donor_017	donor	outer_1	null_squared_prediction_error_v1	1	422.1695005370706	lower_is_better	all	per_donor	7		200	0	ok_provisional	results/exploratory/p0-03-dev-feasibility/outer_1/outer_1/cnmf_tmp/outer_1.spectra.k_7.dt_2_0.consensus.df.npz
000-full_training_pool-base_identifiable_DEVELOPMENT_r0-outer_1-k7-7a963aa0d98c	000	full_training_pool	base_identifiable_DEVELOPMENT_r0	donor_022	donor	outer_1	null_squared_prediction_error_v1	1	463.33895946725784	lower_is_better	all	per_donor	7		200	0	ok_provisional	results/exploratory/p0-03-dev-feasibility/outer_1/outer_1/cnmf_tmp/outer_1.spectra.k_7.dt_2_0.consensus.df.npz
000-full_training_pool-base_identifiable_DEVELOPMENT_r0-outer_1-k7-7a963aa0d98c	000	full_training_pool	base_identifiable_DEVELOPMENT_r0	ALL_TEST_DONORS	donor	outer_1	null_squared_prediction_error_v1	1	554.8494653166341	lower_is_better	all	equal_donor_mean	7		12	0	ok_provisional	results/exploratory/p0-03-dev-feasibility/outer_1/outer_1/cnmf_tmp/outer_1.spectra.k_7.dt_2_0.consensus.df.npz
000-full_training_pool-base_identifiable_DEVELOPMENT_r0-outer_1-k7-7a963aa0d98c	000	full_training_pool	base_identifiable_DEVELOPMENT_r0	000-full_training_pool-base_identifiable_DEVELOPMENT_r0-outer_1-k7-7a963aa0d98c	experiment	outer_1	wall_seconds_v1	1	1.8618480111472309	lower_is_better	all	experiment	7		1	0	ok_provisional	results/exploratory/p0-03-dev-feasibility/outer_1/outer_1/cnmf_tmp/outer_1.spectra.k_7.dt_2_0.consensus.df.npz
000-full_training_pool-base_identifiable_DEVELOPMENT_r0-outer_1-k7-7a963aa0d98c	000	full_training_pool	base_identifiable_DEVELOPMENT_r0	000-full_training_pool-base_identifiable_DEVELOPMENT_r0-outer_1-k7-7a963aa0d98c	experiment	outer_1	cpu_seconds_v1	1	1.7732656519999637	lower_is_better	all	experiment	7		1	0	ok_provisional	results/exploratory/p0-03-dev-feasibility/outer_1/outer_1/cnmf_tmp/outer_1.spectra.k_7.dt_2_0.consensus.df.npz
000-full_training_pool-base_identifiable_DEVELOPMENT_r0-outer_1-k7-7a963aa0d98c	000	full_training_pool	base_identifiable_DEVELOPMENT_r0	000-full_training_pool-base_identifiable_DEVELOPMENT_r0-outer_1-k7-7a963aa0d98c	experiment	outer_1	peak_memory_mb_v1	1	746.7109375	lower_is_better	all	experiment	7		1	0	ok_provisional	results/exploratory/p0-03-dev-feasibility/outer_1/outer_1/cnmf_tmp/outer_1.spectra.k_7.dt_2_0.consensus.df.npz
000-full_training_pool-base_identifiable_DEVELOPMENT_r0-outer_1-k7-7a963aa0d98c	000	full_training_pool	base_identifiable_DEVELOPMENT_r0	000-full_training_pool-base_identifiable_DEVELOPMENT_r0-outer_1-k7-7a963aa0d98c	experiment	outer_1	failed_fits_v1	1	0	lower_is_better	all	experiment	7		1	0	ok_provisional	results/exploratory/p0-03-dev-feasibility/outer_1/outer_1/cnmf_tmp/outer_1.spectra.k_7.dt_2_0.consensus.df.npz
000-full_training_pool-base_identifiable_DEVELOPMENT_r0-outer_1-k8-0fd1679ee6cc	000	full_training_pool	base_identifiable_DEVELOPMENT_r0	donor_000	donor	outer_1	heldout_squared_prediction_error_v1	1	447.48139854239344	lower_is_better	all	per_donor	8		200	0	ok_provisional	results/exploratory/p0-03-dev-feasibility/outer_1/outer_1/cnmf_tmp/outer_1.spectra.k_8.dt_2_0.consensus.df.npz
000-full_training_pool-base_identifiable_DEVELOPMENT_r0-outer_1-k8-0fd1679ee6cc	000	full_training_pool	base_identifiable_DEVELOPMENT_r0	donor_003	donor	outer_1	heldout_squared_prediction_error_v1	1	561.0385750379049	lower_is_better	all	per_donor	8		200	0	ok_provisional	results/exploratory/p0-03-dev-feasibility/outer_1/outer_1/cnmf_tmp/outer_1.spectra.k_8.dt_2_0.consensus.df.npz
000-full_training_pool-base_identifiable_DEVELOPMENT_r0-outer_1-k8-0fd1679ee6cc	000	full_training_pool	base_identifiable_DEVELOPMENT_r0	donor_005	donor	outer_1	heldout_squared_prediction_error_v1	1	618.3382206355574	lower_is_better	all	per_donor	8		200	0	ok_provisional	results/exploratory/p0-03-dev-feasibility/outer_1/outer_1/cnmf_tmp/outer_1.spectra.k_8.dt_2_0.consensus.df.npz
000-full_training_pool-base_identifiable_DEVELOPMENT_r0-outer_1-k8-0fd1679ee6cc	000	full_training_pool	base_identifiable_DEVELOPMENT_r0	donor_006	donor	outer_1	heldout_squared_prediction_error_v1	1	337.69276444527526	lower_is_better	all	per_donor	8		200	0	ok_provisional	results/exploratory/p0-03-dev-feasibility/outer_1/outer_1/cnmf_tmp/outer_1.spectra.k_8.dt_2_0.consensus.df.npz
000-full_training_pool-base_identifiable_DEVELOPMENT_r0-outer_1-k8-0fd1679ee6cc	000	full_training_pool	base_identifiable_DEVELOPMENT_r0	donor_007	donor	outer_1	heldout_squared_prediction_error_v1	1	471.5923598893168	lower_is_better	all	per_donor	8		200	0	ok_provisional	results/exploratory/p0-03-dev-feasibility/outer_1/outer_1/cnmf_tmp/outer_1.spectra.k_8.dt_2_0.consensus.df.npz
000-full_training_pool-base_identifiable_DEVELOPMENT_r0-outer_1-k8-0fd1679ee6cc	000	full_training_pool	base_identifiable_DEVELOPMENT_r0	donor_009	donor	outer_1	heldout_squared_prediction_error_v1	1	374.24997052380655	lower_is_better	all	per_donor	8		200	0	ok_provisional	results/exploratory/p0-03-dev-feasibility/outer_1/outer_1/cnmf_tmp/outer_1.spectra.k_8.dt_2_0.consensus.df.npz
000-full_training_pool-base_identifiable_DEVELOPMENT_r0-outer_1-k8-0fd1679ee6cc	000	full_training_pool	base_identifiable_DEVELOPMENT_r0	donor_010	donor	outer_1	heldout_squared_prediction_error_v1	1	395.70117934188005	lower_is_better	all	per_donor	8		200	0	ok_provisional	results/exploratory/p0-03-dev-feasibility/outer_1/outer_1/cnmf_tmp/outer_1.spectra.k_8.dt_2_0.consensus.df.npz
000-full_training_pool-base_identifiable_DEVELOPMENT_r0-outer_1-k8-0fd1679ee6cc	000	full_training_pool	base_identifiable_DEVELOPMENT_r0	donor_011	donor	outer_1	heldout_squared_prediction_error_v1	1	403.272309047231	lower_is_better	all	per_donor	8		200	0	ok_provisional	results/exploratory/p0-03-dev-feasibility/outer_1/outer_1/cnmf_tmp/outer_1.spectra.k_8.dt_2_0.consensus.df.npz
000-full_training_pool-base_identifiable_DEVELOPMENT_r0-outer_1-k8-0fd1679ee6cc	000	full_training_pool	base_identifiable_DEVELOPMENT_r0	donor_013	donor	outer_1	heldout_squared_prediction_error_v1	1	281.59066264123845	lower_is_better	all	per_donor	8		200	0	ok_provisional	results/exploratory/p0-03-dev-feasibility/outer_1/outer_1/cnmf_tmp/outer_1.spectra.k_8.dt_2_0.consensus.df.npz
000-full_training_pool-base_identifiable_DEVELOPMENT_r0-outer_1-k8-0fd1679ee6cc	000	full_training_pool	base_identifiable_DEVELOPMENT_r0	donor_015	donor	outer_1	heldout_squared_prediction_error_v1	1	400.5937216656776	lower_is_better	all	per_donor	8		200	0	ok_provisional	results/exploratory/p0-03-dev-feasibility/outer_1/outer_1/cnmf_tmp/outer_1.spectra.k_8.dt_2_0.consensus.df.npz
000-full_training_pool-base_identifiable_DEVELOPMENT_r0-outer_1-k8-0fd1679ee6cc	000	full_training_pool	base_identifiable_DEVELOPMENT_r0	donor_017	donor	outer_1	heldout_squared_prediction_error_v1	1	355.89979175998536	lower_is_better	all	per_donor	8		200	0	ok_provisional	results/exploratory/p0-03-dev-feasibility/outer_1/outer_1/cnmf_tmp/outer_1.spectra.k_8.dt_2_0.consensus.df.npz
000-full_training_pool-base_identifiable_DEVELOPMENT_r0-outer_1-k8-0fd1679ee6cc	000	full_training_pool	base_identifiable_DEVELOPMENT_r0	donor_022	donor	outer_1	heldout_squared_prediction_error_v1	1	402.0403583604399	lower_is_better	all	per_donor	8		200	0	ok_provisional	results/exploratory/p0-03-dev-feasibility/outer_1/outer_1/cnmf_tmp/outer_1.spectra.k_8.dt_2_0.consensus.df.npz
000-full_training_pool-base_identifiable_DEVELOPMENT_r0-outer_1-k8-0fd1679ee6cc	000	full_training_pool	base_identifiable_DEVELOPMENT_r0	ALL_TEST_DONORS	donor	outer_1	heldout_squared_prediction_error_v1	1	420.7909426575589	lower_is_better	all	equal_donor_mean	8		12	0	ok_provisional	results/exploratory/p0-03-dev-feasibility/outer_1/outer_1/cnmf_tmp/outer_1.spectra.k_8.dt_2_0.consensus.df.npz
000-full_training_pool-base_identifiable_DEVELOPMENT_r0-outer_1-k8-0fd1679ee6cc	000	full_training_pool	base_identifiable_DEVELOPMENT_r0	donor_000	donor	outer_1	heldout_squared_prediction_error_counts_v1	1	963.2954150699079	lower_is_better	all	per_donor	8		200	0	ok_provisional	results/exploratory/p0-03-dev-feasibility/outer_1/outer_1/cnmf_tmp/outer_1.spectra.k_8.dt_2_0.consensus.df.npz
000-full_training_pool-base_identifiable_DEVELOPMENT_r0-outer_1-k8-0fd1679ee6cc	000	full_training_pool	base_identifiable_DEVELOPMENT_r0	donor_003	donor	outer_1	heldout_squared_prediction_error_counts_v1	1	1189.562585696147	lower_is_better	all	per_donor	8		200	0	ok_provisional	results/exploratory/p0-03-dev-feasibility/outer_1/outer_1/cnmf_tmp/outer_1.spectra.k_8.dt_2_0.consensus.df.npz
000-full_training_pool-base_identifiable_DEVELOPMENT_r0-outer_1-k8-0fd1679ee6cc	000	full_training_pool	base_identifiable_DEVELOPMENT_r0	donor_005	donor	outer_1	heldout_squared_prediction_error_counts_v1	1	1281.107372504931	lower_is_better	all	per_donor	8		200	0	ok_provisional	results/exploratory/p0-03-dev-feasibility/outer_1/outer_1/cnmf_tmp/outer_1.spectra.k_8.dt_2_0.consensus.df.npz
000-full_training_pool-base_identifiable_DEVELOPMENT_r0-outer_1-k8-0fd1679ee6cc	000	full_training_pool	base_identifiable_DEVELOPMENT_r0	donor_006	donor	outer_1	heldout_squared_prediction_error_counts_v1	1	737.7308946475232	lower_is_better	all	per_donor	8		200	0	ok_provisional	results/exploratory/p0-03-dev-feasibility/outer_1/outer_1/cnmf_tmp/outer_1.spectra.k_8.dt_2_0.consensus.df.npz
000-full_training_pool-base_identifiable_DEVELOPMENT_r0-outer_1-k8-0fd1679ee6cc	000	full_training_pool	base_identifiable_DEVELOPMENT_r0	donor_007	donor	outer_1	heldout_squared_prediction_error_counts_v1	1	965.0237923571162	lower_is_better	all	per_donor	8		200	0	ok_provisional	results/exploratory/p0-03-dev-feasibility/outer_1/outer_1/cnmf_tmp/outer_1.spectra.k_8.dt_2_0.consensus.df.npz
000-full_training_pool-base_identifiable_DEVELOPMENT_r0-outer_1-k8-0fd1679ee6cc	000	full_training_pool	base_identifiable_DEVELOPMENT_r0	donor_009	donor	outer_1	heldout_squared_prediction_error_counts_v1	1	795.344851641868	lower_is_better	all	per_donor	8		200	0	ok_provisional	results/exploratory/p0-03-dev-feasibility/outer_1/outer_1/cnmf_tmp/outer_1.spectra.k_8.dt_2_0.consensus.df.npz
000-full_training_pool-base_identifiable_DEVELOPMENT_r0-outer_1-k8-0fd1679ee6cc	000	full_training_pool	base_identifiable_DEVELOPMENT_r0	donor_010	donor	outer_1	heldout_squared_prediction_error_counts_v1	1	846.6713153571685	lower_is_better	all	per_donor	8		200	0	ok_provisional	results/exploratory/p0-03-dev-feasibility/outer_1/outer_1/cnmf_tmp/outer_1.spectra.k_8.dt_2_0.consensus.df.npz
000-full_training_pool-base_identifiable_DEVELOPMENT_r0-outer_1-k8-0fd1679ee6cc	000	full_training_pool	base_identifiable_DEVELOPMENT_r0	donor_011	donor	outer_1	heldout_squared_prediction_error_counts_v1	1	905.0682060179595	lower_is_better	all	per_donor	8		200	0	ok_provisional	results/exploratory/p0-03-dev-feasibility/outer_1/outer_1/cnmf_tmp/outer_1.spectra.k_8.dt_2_0.consensus.df.npz
000-full_training_pool-base_identifiable_DEVELOPMENT_r0-outer_1-k8-0fd1679ee6cc	000	full_training_pool	base_identifiable_DEVELOPMENT_r0	donor_013	donor	outer_1	heldout_squared_prediction_error_counts_v1	1	611.1243125772953	lower_is_better	all	per_donor	8		200	0	ok_provisional	results/exploratory/p0-03-dev-feasibility/outer_1/outer_1/cnmf_tmp/outer_1.spectra.k_8.dt_2_0.consensus.df.npz
000-full_training_pool-base_identifiable_DEVELOPMENT_r0-outer_1-k8-0fd1679ee6cc	000	full_training_pool	base_identifiable_DEVELOPMENT_r0	donor_015	donor	outer_1	heldout_squared_prediction_error_counts_v1	1	858.1685955590663	lower_is_better	all	per_donor	8		200	0	ok_provisional	results/exploratory/p0-03-dev-feasibility/outer_1/outer_1/cnmf_tmp/outer_1.spectra.k_8.dt_2_0.consensus.df.npz
000-full_training_pool-base_identifiable_DEVELOPMENT_r0-outer_1-k8-0fd1679ee6cc	000	full_training_pool	base_identifiable_DEVELOPMENT_r0	donor_017	donor	outer_1	heldout_squared_prediction_error_counts_v1	1	778.8145093525843	lower_is_better	all	per_donor	8		200	0	ok_provisional	results/exploratory/p0-03-dev-feasibility/outer_1/outer_1/cnmf_tmp/outer_1.spectra.k_8.dt_2_0.consensus.df.npz
000-full_training_pool-base_identifiable_DEVELOPMENT_r0-outer_1-k8-0fd1679ee6cc	000	full_training_pool	base_identifiable_DEVELOPMENT_r0	donor_022	donor	outer_1	heldout_squared_prediction_error_counts_v1	1	876.9790274575649	lower_is_better	all	per_donor	8		200	0	ok_provisional	results/exploratory/p0-03-dev-feasibility/outer_1/outer_1/cnmf_tmp/outer_1.spectra.k_8.dt_2_0.consensus.df.npz
000-full_training_pool-base_identifiable_DEVELOPMENT_r0-outer_1-k8-0fd1679ee6cc	000	full_training_pool	base_identifiable_DEVELOPMENT_r0	ALL_TEST_DONORS	donor	outer_1	heldout_squared_prediction_error_counts_v1	1	900.7409065199275	lower_is_better	all	equal_donor_mean	8		12	0	ok_provisional	results/exploratory/p0-03-dev-feasibility/outer_1/outer_1/cnmf_tmp/outer_1.spectra.k_8.dt_2_0.consensus.df.npz
000-full_training_pool-base_identifiable_DEVELOPMENT_r0-outer_1-k8-0fd1679ee6cc	000	full_training_pool	base_identifiable_DEVELOPMENT_r0	donor_000	donor	outer_1	null_squared_prediction_error_v1	1	545.0473852776363	lower_is_better	all	per_donor	8		200	0	ok_provisional	results/exploratory/p0-03-dev-feasibility/outer_1/outer_1/cnmf_tmp/outer_1.spectra.k_8.dt_2_0.consensus.df.npz
000-full_training_pool-base_identifiable_DEVELOPMENT_r0-outer_1-k8-0fd1679ee6cc	000	full_training_pool	base_identifiable_DEVELOPMENT_r0	donor_003	donor	outer_1	null_squared_prediction_error_v1	1	784.2569920265549	lower_is_better	all	per_donor	8		200	0	ok_provisional	results/exploratory/p0-03-dev-feasibility/outer_1/outer_1/cnmf_tmp/outer_1.spectra.k_8.dt_2_0.consensus.df.npz
000-full_training_pool-base_identifiable_DEVELOPMENT_r0-outer_1-k8-0fd1679ee6cc	000	full_training_pool	base_identifiable_DEVELOPMENT_r0	donor_005	donor	outer_1	null_squared_prediction_error_v1	1	1017.619434247824	lower_is_better	all	per_donor	8		200	0	ok_provisional	results/exploratory/p0-03-dev-feasibility/outer_1/outer_1/cnmf_tmp/outer_1.spectra.k_8.dt_2_0.consensus.df.npz
000-full_training_pool-base_identifiable_DEVELOPMENT_r0-outer_1-k8-0fd1679ee6cc	000	full_training_pool	base_identifiable_DEVELOPMENT_r0	donor_006	donor	outer_1	null_squared_prediction_error_v1	1	378.69735663838367	lower_is_better	all	per_donor	8		200	0	ok_provisional	results/exploratory/p0-03-dev-feasibility/outer_1/outer_1/cnmf_tmp/outer_1.spectra.k_8.dt_2_0.consensus.df.npz
000-full_training_pool-base_identifiable_DEVELOPMENT_r0-outer_1-k8-0fd1679ee6cc	000	full_training_pool	base_identifiable_DEVELOPMENT_r0	donor_007	donor	outer_1	null_squared_prediction_error_v1	1	749.404010558099	lower_is_better	all	per_donor	8		200	0	ok_provisional	results/exploratory/p0-03-dev-feasibility/outer_1/outer_1/cnmf_tmp/outer_1.spectra.k_8.dt_2_0.consensus.df.npz
000-full_training_pool-base_identifiable_DEVELOPMENT_r0-outer_1-k8-0fd1679ee6cc	000	full_training_pool	base_identifiable_DEVELOPMENT_r0	donor_009	donor	outer_1	null_squared_prediction_error_v1	1	487.685466988738	lower_is_better	all	per_donor	8		200	0	ok_provisional	results/exploratory/p0-03-dev-feasibility/outer_1/outer_1/cnmf_tmp/outer_1.spectra.k_8.dt_2_0.consensus.df.npz
000-full_training_pool-base_identifiable_DEVELOPMENT_r0-outer_1-k8-0fd1679ee6cc	000	full_training_pool	base_identifiable_DEVELOPMENT_r0	donor_010	donor	outer_1	null_squared_prediction_error_v1	1	453.2069453553231	lower_is_better	all	per_donor	8		200	0	ok_provisional	results/exploratory/p0-03-dev-feasibility/outer_1/outer_1/cnmf_tmp/outer_1.spectra.k_8.dt_2_0.consensus.df.npz
000-full_training_pool-base_identifiable_DEVELOPMENT_r0-outer_1-k8-0fd1679ee6cc	000	full_training_pool	base_identifiable_DEVELOPMENT_r0	donor_011	donor	outer_1	null_squared_prediction_error_v1	1	528.376925507963	lower_is_better	all	per_donor	8		200	0	ok_provisional	results/exploratory/p0-03-dev-feasibility/outer_1/outer_1/cnmf_tmp/outer_1.spectra.k_8.dt_2_0.consensus.df.npz
000-full_training_pool-base_identifiable_DEVELOPMENT_r0-outer_1-k8-0fd1679ee6cc	000	full_training_pool	base_identifiable_DEVELOPMENT_r0	donor_013	donor	outer_1	null_squared_prediction_error_v1	1	310.26064549467156	lower_is_better	all	per_donor	8		200	0	ok_provisional	results/exploratory/p0-03-dev-feasibility/outer_1/outer_1/cnmf_tmp/outer_1.spectra.k_8.dt_2_0.consensus.df.npz
000-full_training_pool-base_identifiable_DEVELOPMENT_r0-outer_1-k8-0fd1679ee6cc	000	full_training_pool	base_identifiable_DEVELOPMENT_r0	donor_015	donor	outer_1	null_squared_prediction_error_v1	1	518.1299617000865	lower_is_better	all	per_donor	8		200	0	ok_provisional	results/exploratory/p0-03-dev-feasibility/outer_1/outer_1/cnmf_tmp/outer_1.spectra.k_8.dt_2_0.consensus.df.npz
000-full_training_pool-base_identifiable_DEVELOPMENT_r0-outer_1-k8-0fd1679ee6cc	000	full_training_pool	base_identifiable_DEVELOPMENT_r0	donor_017	donor	outer_1	null_squared_prediction_error_v1	1	422.1695005370706	lower_is_better	all	per_donor	8		200	0	ok_provisional	results/exploratory/p0-03-dev-feasibility/outer_1/outer_1/cnmf_tmp/outer_1.spectra.k_8.dt_2_0.consensus.df.npz
000-full_training_pool-base_identifiable_DEVELOPMENT_r0-outer_1-k8-0fd1679ee6cc	000	full_training_pool	base_identifiable_DEVELOPMENT_r0	donor_022	donor	outer_1	null_squared_prediction_error_v1	1	463.33895946725784	lower_is_better	all	per_donor	8		200	0	ok_provisional	results/exploratory/p0-03-dev-feasibility/outer_1/outer_1/cnmf_tmp/outer_1.spectra.k_8.dt_2_0.consensus.df.npz
000-full_training_pool-base_identifiable_DEVELOPMENT_r0-outer_1-k8-0fd1679ee6cc	000	full_training_pool	base_identifiable_DEVELOPMENT_r0	ALL_TEST_DONORS	donor	outer_1	null_squared_prediction_error_v1	1	554.8494653166341	lower_is_better	all	equal_donor_mean	8		12	0	ok_provisional	results/exploratory/p0-03-dev-feasibility/outer_1/outer_1/cnmf_tmp/outer_1.spectra.k_8.dt_2_0.consensus.df.npz
000-full_training_pool-base_identifiable_DEVELOPMENT_r0-outer_1-k8-0fd1679ee6cc	000	full_training_pool	base_identifiable_DEVELOPMENT_r0	000-full_training_pool-base_identifiable_DEVELOPMENT_r0-outer_1-k8-0fd1679ee6cc	experiment	outer_1	wall_seconds_v1	1	2.0051623042672873	lower_is_better	all	experiment	8		1	0	ok_provisional	results/exploratory/p0-03-dev-feasibility/outer_1/outer_1/cnmf_tmp/outer_1.spectra.k_8.dt_2_0.consensus.df.npz
000-full_training_pool-base_identifiable_DEVELOPMENT_r0-outer_1-k8-0fd1679ee6cc	000	full_training_pool	base_identifiable_DEVELOPMENT_r0	000-full_training_pool-base_identifiable_DEVELOPMENT_r0-outer_1-k8-0fd1679ee6cc	experiment	outer_1	cpu_seconds_v1	1	1.922000480999941	lower_is_better	all	experiment	8		1	0	ok_provisional	results/exploratory/p0-03-dev-feasibility/outer_1/outer_1/cnmf_tmp/outer_1.spectra.k_8.dt_2_0.consensus.df.npz
000-full_training_pool-base_identifiable_DEVELOPMENT_r0-outer_1-k8-0fd1679ee6cc	000	full_training_pool	base_identifiable_DEVELOPMENT_r0	000-full_training_pool-base_identifiable_DEVELOPMENT_r0-outer_1-k8-0fd1679ee6cc	experiment	outer_1	peak_memory_mb_v1	1	746.7109375	lower_is_better	all	experiment	8		1	0	ok_provisional	results/exploratory/p0-03-dev-feasibility/outer_1/outer_1/cnmf_tmp/outer_1.spectra.k_8.dt_2_0.consensus.df.npz
000-full_training_pool-base_identifiable_DEVELOPMENT_r0-outer_1-k8-0fd1679ee6cc	000	full_training_pool	base_identifiable_DEVELOPMENT_r0	000-full_training_pool-base_identifiable_DEVELOPMENT_r0-outer_1-k8-0fd1679ee6cc	experiment	outer_1	failed_fits_v1	1	0	lower_is_better	all	experiment	8		1	0	ok_provisional	results/exploratory/p0-03-dev-feasibility/outer_1/outer_1/cnmf_tmp/outer_1.spectra.k_8.dt_2_0.consensus.df.npz
000-full_training_pool-base_identifiable_DEVELOPMENT_r0-outer_1-k9-793580eb8738	000	full_training_pool	base_identifiable_DEVELOPMENT_r0	donor_000	donor	outer_1	heldout_squared_prediction_error_v1	1	448.3770794755692	lower_is_better	all	per_donor	9		200	0	ok_provisional	results/exploratory/p0-03-dev-feasibility/outer_1/outer_1/cnmf_tmp/outer_1.spectra.k_9.dt_2_0.consensus.df.npz
000-full_training_pool-base_identifiable_DEVELOPMENT_r0-outer_1-k9-793580eb8738	000	full_training_pool	base_identifiable_DEVELOPMENT_r0	donor_003	donor	outer_1	heldout_squared_prediction_error_v1	1	562.2839772552708	lower_is_better	all	per_donor	9		200	0	ok_provisional	results/exploratory/p0-03-dev-feasibility/outer_1/outer_1/cnmf_tmp/outer_1.spectra.k_9.dt_2_0.consensus.df.npz
000-full_training_pool-base_identifiable_DEVELOPMENT_r0-outer_1-k9-793580eb8738	000	full_training_pool	base_identifiable_DEVELOPMENT_r0	donor_005	donor	outer_1	heldout_squared_prediction_error_v1	1	619.306479482411	lower_is_better	all	per_donor	9		200	0	ok_provisional	results/exploratory/p0-03-dev-feasibility/outer_1/outer_1/cnmf_tmp/outer_1.spectra.k_9.dt_2_0.consensus.df.npz
000-full_training_pool-base_identifiable_DEVELOPMENT_r0-outer_1-k9-793580eb8738	000	full_training_pool	base_identifiable_DEVELOPMENT_r0	donor_006	donor	outer_1	heldout_squared_prediction_error_v1	1	338.3897485594367	lower_is_better	all	per_donor	9		200	0	ok_provisional	results/exploratory/p0-03-dev-feasibility/outer_1/outer_1/cnmf_tmp/outer_1.spectra.k_9.dt_2_0.consensus.df.npz
000-full_training_pool-base_identifiable_DEVELOPMENT_r0-outer_1-k9-793580eb8738	000	full_training_pool	base_identifiable_DEVELOPMENT_r0	donor_007	donor	outer_1	heldout_squared_prediction_error_v1	1	472.6974005631728	lower_is_better	all	per_donor	9		200	0	ok_provisional	results/exploratory/p0-03-dev-feasibility/outer_1/outer_1/cnmf_tmp/outer_1.spectra.k_9.dt_2_0.consensus.df.npz
000-full_training_pool-base_identifiable_DEVELOPMENT_r0-outer_1-k9-793580eb8738	000	full_training_pool	base_identifiable_DEVELOPMENT_r0	donor_009	donor	outer_1	heldout_squared_prediction_error_v1	1	374.8431173949894	lower_is_better	all	per_donor	9		200	0	ok_provisional	results/exploratory/p0-03-dev-feasibility/outer_1/outer_1/cnmf_tmp/outer_1.spectra.k_9.dt_2_0.consensus.df.npz
000-full_training_pool-base_identifiable_DEVELOPMENT_r0-outer_1-k9-793580eb8738	000	full_training_pool	base_identifiable_DEVELOPMENT_r0	donor_010	donor	outer_1	heldout_squared_prediction_error_v1	1	396.7344446106457	lower_is_better	all	per_donor	9		200	0	ok_provisional	results/exploratory/p0-03-dev-feasibility/outer_1/outer_1/cnmf_tmp/outer_1.spectra.k_9.dt_2_0.consensus.df.npz
000-full_training_pool-base_identifiable_DEVELOPMENT_r0-outer_1-k9-793580eb8738	000	full_training_pool	base_identifiable_DEVELOPMENT_r0	donor_011	donor	outer_1	heldout_squared_prediction_error_v1	1	403.84248288972327	lower_is_better	all	per_donor	9		200	0	ok_provisional	results/exploratory/p0-03-dev-feasibility/outer_1/outer_1/cnmf_tmp/outer_1.spectra.k_9.dt_2_0.consensus.df.npz
000-full_training_pool-base_identifiable_DEVELOPMENT_r0-outer_1-k9-793580eb8738	000	full_training_pool	base_identifiable_DEVELOPMENT_r0	donor_013	donor	outer_1	heldout_squared_prediction_error_v1	1	282.0290723177677	lower_is_better	all	per_donor	9		200	0	ok_provisional	results/exploratory/p0-03-dev-feasibility/outer_1/outer_1/cnmf_tmp/outer_1.spectra.k_9.dt_2_0.consensus.df.npz
000-full_training_pool-base_identifiable_DEVELOPMENT_r0-outer_1-k9-793580eb8738	000	full_training_pool	base_identifiable_DEVELOPMENT_r0	donor_015	donor	outer_1	heldout_squared_prediction_error_v1	1	401.0828287332374	lower_is_better	all	per_donor	9		200	0	ok_provisional	results/exploratory/p0-03-dev-feasibility/outer_1/outer_1/cnmf_tmp/outer_1.spectra.k_9.dt_2_0.consensus.df.npz
000-full_training_pool-base_identifiable_DEVELOPMENT_r0-outer_1-k9-793580eb8738	000	full_training_pool	base_identifiable_DEVELOPMENT_r0	donor_017	donor	outer_1	heldout_squared_prediction_error_v1	1	356.39925630514676	lower_is_better	all	per_donor	9		200	0	ok_provisional	results/exploratory/p0-03-dev-feasibility/outer_1/outer_1/cnmf_tmp/outer_1.spectra.k_9.dt_2_0.consensus.df.npz
000-full_training_pool-base_identifiable_DEVELOPMENT_r0-outer_1-k9-793580eb8738	000	full_training_pool	base_identifiable_DEVELOPMENT_r0	donor_022	donor	outer_1	heldout_squared_prediction_error_v1	1	402.8788981960331	lower_is_better	all	per_donor	9		200	0	ok_provisional	results/exploratory/p0-03-dev-feasibility/outer_1/outer_1/cnmf_tmp/outer_1.spectra.k_9.dt_2_0.consensus.df.npz
000-full_training_pool-base_identifiable_DEVELOPMENT_r0-outer_1-k9-793580eb8738	000	full_training_pool	base_identifiable_DEVELOPMENT_r0	ALL_TEST_DONORS	donor	outer_1	heldout_squared_prediction_error_v1	1	421.57206548195035	lower_is_better	all	equal_donor_mean	9		12	0	ok_provisional	results/exploratory/p0-03-dev-feasibility/outer_1/outer_1/cnmf_tmp/outer_1.spectra.k_9.dt_2_0.consensus.df.npz
000-full_training_pool-base_identifiable_DEVELOPMENT_r0-outer_1-k9-793580eb8738	000	full_training_pool	base_identifiable_DEVELOPMENT_r0	donor_000	donor	outer_1	heldout_squared_prediction_error_counts_v1	1	964.5341145478964	lower_is_better	all	per_donor	9		200	0	ok_provisional	results/exploratory/p0-03-dev-feasibility/outer_1/outer_1/cnmf_tmp/outer_1.spectra.k_9.dt_2_0.consensus.df.npz
000-full_training_pool-base_identifiable_DEVELOPMENT_r0-outer_1-k9-793580eb8738	000	full_training_pool	base_identifiable_DEVELOPMENT_r0	donor_003	donor	outer_1	heldout_squared_prediction_error_counts_v1	1	1192.0134606906956	lower_is_better	all	per_donor	9		200	0	ok_provisional	results/exploratory/p0-03-dev-feasibility/outer_1/outer_1/cnmf_tmp/outer_1.spectra.k_9.dt_2_0.consensus.df.npz
000-full_training_pool-base_identifiable_DEVELOPMENT_r0-outer_1-k9-793580eb8738	000	full_training_pool	base_identifiable_DEVELOPMENT_r0	donor_005	donor	outer_1	heldout_squared_prediction_error_counts_v1	1	1283.009301729616	lower_is_better	all	per_donor	9		200	0	ok_provisional	results/exploratory/p0-03-dev-feasibility/outer_1/outer_1/cnmf_tmp/outer_1.spectra.k_9.dt_2_0.consensus.df.npz
000-full_training_pool-base_identifiable_DEVELOPMENT_r0-outer_1-k9-793580eb8738	000	full_training_pool	base_identifiable_DEVELOPMENT_r0	donor_006	donor	outer_1	heldout_squared_prediction_error_counts_v1	1	737.8904473518846	lower_is_better	all	per_donor	9		200	0	ok_provisional	results/exploratory/p0-03-dev-feasibility/outer_1/outer_1/cnmf_tmp/outer_1.spectra.k_9.dt_2_0.consensus.df.npz
000-full_training_pool-base_identifiable_DEVELOPMENT_r0-outer_1-k9-793580eb8738	000	full_training_pool	base_identifiable_DEVELOPMENT_r0	donor_007	donor	outer_1	heldout_squared_prediction_error_counts_v1	1	967.0892710046237	lower_is_better	all	per_donor	9		200	0	ok_provisional	results/exploratory/p0-03-dev-feasibility/outer_1/outer_1/cnmf_tmp/outer_1.spectra.k_9.dt_2_0.consensus.df.npz
000-full_training_pool-base_identifiable_DEVELOPMENT_r0-outer_1-k9-793580eb8738	000	full_training_pool	base_identifiable_DEVELOPMENT_r0	donor_009	donor	outer_1	heldout_squared_prediction_error_counts_v1	1	796.477239261705	lower_is_better	all	per_donor	9		200	0	ok_provisional	results/exploratory/p0-03-dev-feasibility/outer_1/outer_1/cnmf_tmp/outer_1.spectra.k_9.dt_2_0.consensus.df.npz
000-full_training_pool-base_identifiable_DEVELOPMENT_r0-outer_1-k9-793580eb8738	000	full_training_pool	base_identifiable_DEVELOPMENT_r0	donor_010	donor	outer_1	heldout_squared_prediction_error_counts_v1	1	848.2143204709905	lower_is_better	all	per_donor	9		200	0	ok_provisional	results/exploratory/p0-03-dev-feasibility/outer_1/outer_1/cnmf_tmp/outer_1.spectra.k_9.dt_2_0.consensus.df.npz
000-full_training_pool-base_identifiable_DEVELOPMENT_r0-outer_1-k9-793580eb8738	000	full_training_pool	base_identifiable_DEVELOPMENT_r0	donor_011	donor	outer_1	heldout_squared_prediction_error_counts_v1	1	905.8525231721712	lower_is_better	all	per_donor	9		200	0	ok_provisional	results/exploratory/p0-03-dev-feasibility/outer_1/outer_1/cnmf_tmp/outer_1.spectra.k_9.dt_2_0.consensus.df.npz
000-full_training_pool-base_identifiable_DEVELOPMENT_r0-outer_1-k9-793580eb8738	000	full_training_pool	base_identifiable_DEVELOPMENT_r0	donor_013	donor	outer_1	heldout_squared_prediction_error_counts_v1	1	611.5133537772407	lower_is_better	all	per_donor	9		200	0	ok_provisional	results/exploratory/p0-03-dev-feasibility/outer_1/outer_1/cnmf_tmp/outer_1.spectra.k_9.dt_2_0.consensus.df.npz
000-full_training_pool-base_identifiable_DEVELOPMENT_r0-outer_1-k9-793580eb8738	000	full_training_pool	base_identifiable_DEVELOPMENT_r0	donor_015	donor	outer_1	heldout_squared_prediction_error_counts_v1	1	858.6031317226833	lower_is_better	all	per_donor	9		200	0	ok_provisional	results/exploratory/p0-03-dev-feasibility/outer_1/outer_1/cnmf_tmp/outer_1.spectra.k_9.dt_2_0.consensus.df.npz
000-full_training_pool-base_identifiable_DEVELOPMENT_r0-outer_1-k9-793580eb8738	000	full_training_pool	base_identifiable_DEVELOPMENT_r0	donor_017	donor	outer_1	heldout_squared_prediction_error_counts_v1	1	778.5684541022758	lower_is_better	all	per_donor	9		200	0	ok_provisional	results/exploratory/p0-03-dev-feasibility/outer_1/outer_1/cnmf_tmp/outer_1.spectra.k_9.dt_2_0.consensus.df.npz
000-full_training_pool-base_identifiable_DEVELOPMENT_r0-outer_1-k9-793580eb8738	000	full_training_pool	base_identifiable_DEVELOPMENT_r0	donor_022	donor	outer_1	heldout_squared_prediction_error_counts_v1	1	877.6452851818976	lower_is_better	all	per_donor	9		200	0	ok_provisional	results/exploratory/p0-03-dev-feasibility/outer_1/outer_1/cnmf_tmp/outer_1.spectra.k_9.dt_2_0.consensus.df.npz
000-full_training_pool-base_identifiable_DEVELOPMENT_r0-outer_1-k9-793580eb8738	000	full_training_pool	base_identifiable_DEVELOPMENT_r0	ALL_TEST_DONORS	donor	outer_1	heldout_squared_prediction_error_counts_v1	1	901.7842419178068	lower_is_better	all	equal_donor_mean	9		12	0	ok_provisional	results/exploratory/p0-03-dev-feasibility/outer_1/outer_1/cnmf_tmp/outer_1.spectra.k_9.dt_2_0.consensus.df.npz
000-full_training_pool-base_identifiable_DEVELOPMENT_r0-outer_1-k9-793580eb8738	000	full_training_pool	base_identifiable_DEVELOPMENT_r0	donor_000	donor	outer_1	null_squared_prediction_error_v1	1	545.0473852776363	lower_is_better	all	per_donor	9		200	0	ok_provisional	results/exploratory/p0-03-dev-feasibility/outer_1/outer_1/cnmf_tmp/outer_1.spectra.k_9.dt_2_0.consensus.df.npz
000-full_training_pool-base_identifiable_DEVELOPMENT_r0-outer_1-k9-793580eb8738	000	full_training_pool	base_identifiable_DEVELOPMENT_r0	donor_003	donor	outer_1	null_squared_prediction_error_v1	1	784.2569920265549	lower_is_better	all	per_donor	9		200	0	ok_provisional	results/exploratory/p0-03-dev-feasibility/outer_1/outer_1/cnmf_tmp/outer_1.spectra.k_9.dt_2_0.consensus.df.npz
000-full_training_pool-base_identifiable_DEVELOPMENT_r0-outer_1-k9-793580eb8738	000	full_training_pool	base_identifiable_DEVELOPMENT_r0	donor_005	donor	outer_1	null_squared_prediction_error_v1	1	1017.619434247824	lower_is_better	all	per_donor	9		200	0	ok_provisional	results/exploratory/p0-03-dev-feasibility/outer_1/outer_1/cnmf_tmp/outer_1.spectra.k_9.dt_2_0.consensus.df.npz
000-full_training_pool-base_identifiable_DEVELOPMENT_r0-outer_1-k9-793580eb8738	000	full_training_pool	base_identifiable_DEVELOPMENT_r0	donor_006	donor	outer_1	null_squared_prediction_error_v1	1	378.69735663838367	lower_is_better	all	per_donor	9		200	0	ok_provisional	results/exploratory/p0-03-dev-feasibility/outer_1/outer_1/cnmf_tmp/outer_1.spectra.k_9.dt_2_0.consensus.df.npz
000-full_training_pool-base_identifiable_DEVELOPMENT_r0-outer_1-k9-793580eb8738	000	full_training_pool	base_identifiable_DEVELOPMENT_r0	donor_007	donor	outer_1	null_squared_prediction_error_v1	1	749.404010558099	lower_is_better	all	per_donor	9		200	0	ok_provisional	results/exploratory/p0-03-dev-feasibility/outer_1/outer_1/cnmf_tmp/outer_1.spectra.k_9.dt_2_0.consensus.df.npz
000-full_training_pool-base_identifiable_DEVELOPMENT_r0-outer_1-k9-793580eb8738	000	full_training_pool	base_identifiable_DEVELOPMENT_r0	donor_009	donor	outer_1	null_squared_prediction_error_v1	1	487.685466988738	lower_is_better	all	per_donor	9		200	0	ok_provisional	results/exploratory/p0-03-dev-feasibility/outer_1/outer_1/cnmf_tmp/outer_1.spectra.k_9.dt_2_0.consensus.df.npz
000-full_training_pool-base_identifiable_DEVELOPMENT_r0-outer_1-k9-793580eb8738	000	full_training_pool	base_identifiable_DEVELOPMENT_r0	donor_010	donor	outer_1	null_squared_prediction_error_v1	1	453.2069453553231	lower_is_better	all	per_donor	9		200	0	ok_provisional	results/exploratory/p0-03-dev-feasibility/outer_1/outer_1/cnmf_tmp/outer_1.spectra.k_9.dt_2_0.consensus.df.npz
000-full_training_pool-base_identifiable_DEVELOPMENT_r0-outer_1-k9-793580eb8738	000	full_training_pool	base_identifiable_DEVELOPMENT_r0	donor_011	donor	outer_1	null_squared_prediction_error_v1	1	528.376925507963	lower_is_better	all	per_donor	9		200	0	ok_provisional	results/exploratory/p0-03-dev-feasibility/outer_1/outer_1/cnmf_tmp/outer_1.spectra.k_9.dt_2_0.consensus.df.npz
000-full_training_pool-base_identifiable_DEVELOPMENT_r0-outer_1-k9-793580eb8738	000	full_training_pool	base_identifiable_DEVELOPMENT_r0	donor_013	donor	outer_1	null_squared_prediction_error_v1	1	310.26064549467156	lower_is_better	all	per_donor	9		200	0	ok_provisional	results/exploratory/p0-03-dev-feasibility/outer_1/outer_1/cnmf_tmp/outer_1.spectra.k_9.dt_2_0.consensus.df.npz
000-full_training_pool-base_identifiable_DEVELOPMENT_r0-outer_1-k9-793580eb8738	000	full_training_pool	base_identifiable_DEVELOPMENT_r0	donor_015	donor	outer_1	null_squared_prediction_error_v1	1	518.1299617000865	lower_is_better	all	per_donor	9		200	0	ok_provisional	results/exploratory/p0-03-dev-feasibility/outer_1/outer_1/cnmf_tmp/outer_1.spectra.k_9.dt_2_0.consensus.df.npz
000-full_training_pool-base_identifiable_DEVELOPMENT_r0-outer_1-k9-793580eb8738	000	full_training_pool	base_identifiable_DEVELOPMENT_r0	donor_017	donor	outer_1	null_squared_prediction_error_v1	1	422.1695005370706	lower_is_better	all	per_donor	9		200	0	ok_provisional	results/exploratory/p0-03-dev-feasibility/outer_1/outer_1/cnmf_tmp/outer_1.spectra.k_9.dt_2_0.consensus.df.npz
000-full_training_pool-base_identifiable_DEVELOPMENT_r0-outer_1-k9-793580eb8738	000	full_training_pool	base_identifiable_DEVELOPMENT_r0	donor_022	donor	outer_1	null_squared_prediction_error_v1	1	463.33895946725784	lower_is_better	all	per_donor	9		200	0	ok_provisional	results/exploratory/p0-03-dev-feasibility/outer_1/outer_1/cnmf_tmp/outer_1.spectra.k_9.dt_2_0.consensus.df.npz
000-full_training_pool-base_identifiable_DEVELOPMENT_r0-outer_1-k9-793580eb8738	000	full_training_pool	base_identifiable_DEVELOPMENT_r0	ALL_TEST_DONORS	donor	outer_1	null_squared_prediction_error_v1	1	554.8494653166341	lower_is_better	all	equal_donor_mean	9		12	0	ok_provisional	results/exploratory/p0-03-dev-feasibility/outer_1/outer_1/cnmf_tmp/outer_1.spectra.k_9.dt_2_0.consensus.df.npz
000-full_training_pool-base_identifiable_DEVELOPMENT_r0-outer_1-k9-793580eb8738	000	full_training_pool	base_identifiable_DEVELOPMENT_r0	000-full_training_pool-base_identifiable_DEVELOPMENT_r0-outer_1-k9-793580eb8738	experiment	outer_1	wall_seconds_v1	1	2.464557404164225	lower_is_better	all	experiment	9		1	0	ok_provisional	results/exploratory/p0-03-dev-feasibility/outer_1/outer_1/cnmf_tmp/outer_1.spectra.k_9.dt_2_0.consensus.df.npz
000-full_training_pool-base_identifiable_DEVELOPMENT_r0-outer_1-k9-793580eb8738	000	full_training_pool	base_identifiable_DEVELOPMENT_r0	000-full_training_pool-base_identifiable_DEVELOPMENT_r0-outer_1-k9-793580eb8738	experiment	outer_1	cpu_seconds_v1	1	2.2004479570000512	lower_is_better	all	experiment	9		1	0	ok_provisional	results/exploratory/p0-03-dev-feasibility/outer_1/outer_1/cnmf_tmp/outer_1.spectra.k_9.dt_2_0.consensus.df.npz
000-full_training_pool-base_identifiable_DEVELOPMENT_r0-outer_1-k9-793580eb8738	000	full_training_pool	base_identifiable_DEVELOPMENT_r0	000-full_training_pool-base_identifiable_DEVELOPMENT_r0-outer_1-k9-793580eb8738	experiment	outer_1	peak_memory_mb_v1	1	746.7109375	lower_is_better	all	experiment	9		1	0	ok_provisional	results/exploratory/p0-03-dev-feasibility/outer_1/outer_1/cnmf_tmp/outer_1.spectra.k_9.dt_2_0.consensus.df.npz
000-full_training_pool-base_identifiable_DEVELOPMENT_r0-outer_1-k9-793580eb8738	000	full_training_pool	base_identifiable_DEVELOPMENT_r0	000-full_training_pool-base_identifiable_DEVELOPMENT_r0-outer_1-k9-793580eb8738	experiment	outer_1	failed_fits_v1	1	0	lower_is_better	all	experiment	9		1	0	ok_provisional	results/exploratory/p0-03-dev-feasibility/outer_1/outer_1/cnmf_tmp/outer_1.spectra.k_9.dt_2_0.consensus.df.npz
000-full_training_pool-base_identifiable_DEVELOPMENT_r0-outer_1-k10-c4bf97a865cc	000	full_training_pool	base_identifiable_DEVELOPMENT_r0	donor_000	donor	outer_1	heldout_squared_prediction_error_v1	1	448.98565313084475	lower_is_better	all	per_donor	10		200	0	ok_provisional	results/exploratory/p0-03-dev-feasibility/outer_1/outer_1/cnmf_tmp/outer_1.spectra.k_10.dt_2_0.consensus.df.npz
000-full_training_pool-base_identifiable_DEVELOPMENT_r0-outer_1-k10-c4bf97a865cc	000	full_training_pool	base_identifiable_DEVELOPMENT_r0	donor_003	donor	outer_1	heldout_squared_prediction_error_v1	1	562.5493090375502	lower_is_better	all	per_donor	10		200	0	ok_provisional	results/exploratory/p0-03-dev-feasibility/outer_1/outer_1/cnmf_tmp/outer_1.spectra.k_10.dt_2_0.consensus.df.npz
000-full_training_pool-base_identifiable_DEVELOPMENT_r0-outer_1-k10-c4bf97a865cc	000	full_training_pool	base_identifiable_DEVELOPMENT_r0	donor_005	donor	outer_1	heldout_squared_prediction_error_v1	1	619.7296511284103	lower_is_better	all	per_donor	10		200	0	ok_provisional	results/exploratory/p0-03-dev-feasibility/outer_1/outer_1/cnmf_tmp/outer_1.spectra.k_10.dt_2_0.consensus.df.npz
000-full_training_pool-base_identifiable_DEVELOPMENT_r0-outer_1-k10-c4bf97a865cc	000	full_training_pool	base_identifiable_DEVELOPMENT_r0	donor_006	donor	outer_1	heldout_squared_prediction_error_v1	1	338.83005132235934	lower_is_better	all	per_donor	10		200	0	ok_provisional	results/exploratory/p0-03-dev-feasibility/outer_1/outer_1/cnmf_tmp/outer_1.spectra.k_10.dt_2_0.consensus.df.npz
000-full_training_pool-base_identifiable_DEVELOPMENT_r0-outer_1-k10-c4bf97a865cc	000	full_training_pool	base_identifiable_DEVELOPMENT_r0	donor_007	donor	outer_1	heldout_squared_prediction_error_v1	1	473.0163467576023	lower_is_better	all	per_donor	10		200	0	ok_provisional	results/exploratory/p0-03-dev-feasibility/outer_1/outer_1/cnmf_tmp/outer_1.spectra.k_10.dt_2_0.consensus.df.npz
000-full_training_pool-base_identifiable_DEVELOPMENT_r0-outer_1-k10-c4bf97a865cc	000	full_training_pool	base_identifiable_DEVELOPMENT_r0	donor_009	donor	outer_1	heldout_squared_prediction_error_v1	1	375.27967315210014	lower_is_better	all	per_donor	10		200	0	ok_provisional	results/exploratory/p0-03-dev-feasibility/outer_1/outer_1/cnmf_tmp/outer_1.spectra.k_10.dt_2_0.consensus.df.npz
000-full_training_pool-base_identifiable_DEVELOPMENT_r0-outer_1-k10-c4bf97a865cc	000	full_training_pool	base_identifiable_DEVELOPMENT_r0	donor_010	donor	outer_1	heldout_squared_prediction_error_v1	1	396.9628545816068	lower_is_better	all	per_donor	10		200	0	ok_provisional	results/exploratory/p0-03-dev-feasibility/outer_1/outer_1/cnmf_tmp/outer_1.spectra.k_10.dt_2_0.consensus.df.npz
000-full_training_pool-base_identifiable_DEVELOPMENT_r0-outer_1-k10-c4bf97a865cc	000	full_training_pool	base_identifiable_DEVELOPMENT_r0	donor_011	donor	outer_1	heldout_squared_prediction_error_v1	1	404.43466201251226	lower_is_better	all	per_donor	10		200	0	ok_provisional	results/exploratory/p0-03-dev-feasibility/outer_1/outer_1/cnmf_tmp/outer_1.spectra.k_10.dt_2_0.consensus.df.npz
000-full_training_pool-base_identifiable_DEVELOPMENT_r0-outer_1-k10-c4bf97a865cc	000	full_training_pool	base_identifiable_DEVELOPMENT_r0	donor_013	donor	outer_1	heldout_squared_prediction_error_v1	1	282.53180490338127	lower_is_better	all	per_donor	10		200	0	ok_provisional	results/exploratory/p0-03-dev-feasibility/outer_1/outer_1/cnmf_tmp/outer_1.spectra.k_10.dt_2_0.consensus.df.npz
000-full_training_pool-base_identifiable_DEVELOPMENT_r0-outer_1-k10-c4bf97a865cc	000	full_training_pool	base_identifiable_DEVELOPMENT_r0	donor_015	donor	outer_1	heldout_squared_prediction_error_v1	1	401.64518038342317	lower_is_better	all	per_donor	10		200	0	ok_provisional	results/exploratory/p0-03-dev-feasibility/outer_1/outer_1/cnmf_tmp/outer_1.spectra.k_10.dt_2_0.consensus.df.npz
000-full_training_pool-base_identifiable_DEVELOPMENT_r0-outer_1-k10-c4bf97a865cc	000	full_training_pool	base_identifiable_DEVELOPMENT_r0	donor_017	donor	outer_1	heldout_squared_prediction_error_v1	1	357.05320765952865	lower_is_better	all	per_donor	10		200	0	ok_provisional	results/exploratory/p0-03-dev-feasibility/outer_1/outer_1/cnmf_tmp/outer_1.spectra.k_10.dt_2_0.consensus.df.npz
000-full_training_pool-base_identifiable_DEVELOPMENT_r0-outer_1-k10-c4bf97a865cc	000	full_training_pool	base_identifiable_DEVELOPMENT_r0	donor_022	donor	outer_1	heldout_squared_prediction_error_v1	1	403.5357263699871	lower_is_better	all	per_donor	10		200	0	ok_provisional	results/exploratory/p0-03-dev-feasibility/outer_1/outer_1/cnmf_tmp/outer_1.spectra.k_10.dt_2_0.consensus.df.npz
000-full_training_pool-base_identifiable_DEVELOPMENT_r0-outer_1-k10-c4bf97a865cc	000	full_training_pool	base_identifiable_DEVELOPMENT_r0	ALL_TEST_DONORS	donor	outer_1	heldout_squared_prediction_error_v1	1	422.0461767032755	lower_is_better	all	equal_donor_mean	10		12	0	ok_provisional	results/exploratory/p0-03-dev-feasibility/outer_1/outer_1/cnmf_tmp/outer_1.spectra.k_10.dt_2_0.consensus.df.npz
000-full_training_pool-base_identifiable_DEVELOPMENT_r0-outer_1-k10-c4bf97a865cc	000	full_training_pool	base_identifiable_DEVELOPMENT_r0	donor_000	donor	outer_1	heldout_squared_prediction_error_counts_v1	1	966.1718343384256	lower_is_better	all	per_donor	10		200	0	ok_provisional	results/exploratory/p0-03-dev-feasibility/outer_1/outer_1/cnmf_tmp/outer_1.spectra.k_10.dt_2_0.consensus.df.npz
000-full_training_pool-base_identifiable_DEVELOPMENT_r0-outer_1-k10-c4bf97a865cc	000	full_training_pool	base_identifiable_DEVELOPMENT_r0	donor_003	donor	outer_1	heldout_squared_prediction_error_counts_v1	1	1192.571003551657	lower_is_better	all	per_donor	10		200	0	ok_provisional	results/exploratory/p0-03-dev-feasibility/outer_1/outer_1/cnmf_tmp/outer_1.spectra.k_10.dt_2_0.consensus.df.npz
000-full_training_pool-base_identifiable_DEVELOPMENT_r0-outer_1-k10-c4bf97a865cc	000	full_training_pool	base_identifiable_DEVELOPMENT_r0	donor_005	donor	outer_1	heldout_squared_prediction_error_counts_v1	1	1285.173087526687	lower_is_better	all	per_donor	10		200	0	ok_provisional	results/exploratory/p0-03-dev-feasibility/outer_1/outer_1/cnmf_tmp/outer_1.spectra.k_10.dt_2_0.consensus.df.npz
000-full_training_pool-base_identifiable_DEVELOPMENT_r0-outer_1-k10-c4bf97a865cc	000	full_training_pool	base_identifiable_DEVELOPMENT_r0	donor_006	donor	outer_1	heldout_squared_prediction_error_counts_v1	1	738.7242074070409	lower_is_better	all	per_donor	10		200	0	ok_provisional	results/exploratory/p0-03-dev-feasibility/outer_1/outer_1/cnmf_tmp/outer_1.spectra.k_10.dt_2_0.consensus.df.npz
000-full_training_pool-base_identifiable_DEVELOPMENT_r0-outer_1-k10-c4bf97a865cc	000	full_training_pool	base_identifiable_DEVELOPMENT_r0	donor_007	donor	outer_1	heldout_squared_prediction_error_counts_v1	1	968.4183747023172	lower_is_better	all	per_donor	10		200	0	ok_provisional	results/exploratory/p0-03-dev-feasibility/outer_1/outer_1/cnmf_tmp/outer_1.spectra.k_10.dt_2_0.consensus.df.npz
000-full_training_pool-base_identifiable_DEVELOPMENT_r0-outer_1-k10-c4bf97a865cc	000	full_training_pool	base_identifiable_DEVELOPMENT_r0	donor_009	donor	outer_1	heldout_squared_prediction_error_counts_v1	1	797.9114493283182	lower_is_better	all	per_donor	10		200	0	ok_provisional	results/exploratory/p0-03-dev-feasibility/outer_1/outer_1/cnmf_tmp/outer_1.spectra.k_10.dt_2_0.consensus.df.npz
000-full_training_pool-base_identifiable_DEVELOPMENT_r0-outer_1-k10-c4bf97a865cc	000	full_training_pool	base_identifiable_DEVELOPMENT_r0	donor_010	donor	outer_1	heldout_squared_prediction_error_counts_v1	1	848.024017577894	lower_is_better	all	per_donor	10		200	0	ok_provisional	results/exploratory/p0-03-dev-feasibility/outer_1/outer_1/cnmf_tmp/outer_1.spectra.k_10.dt_2_0.consensus.df.npz
000-full_training_pool-base_identifiable_DEVELOPMENT_r0-outer_1-k10-c4bf97a865cc	000	full_training_pool	base_identifiable_DEVELOPMENT_r0	donor_011	donor	outer_1	heldout_squared_prediction_error_counts_v1	1	905.1809340210989	lower_is_better	all	per_donor	10		200	0	ok_provisional	results/exploratory/p0-03-dev-feasibility/outer_1/outer_1/cnmf_tmp/outer_1.spectra.k_10.dt_2_0.consensus.df.npz
000-full_training_pool-base_identifiable_DEVELOPMENT_r0-outer_1-k10-c4bf97a865cc	000	full_training_pool	base_identifiable_DEVELOPMENT_r0	donor_013	donor	outer_1	heldout_squared_prediction_error_counts_v1	1	611.9017008112867	lower_is_better	all	per_donor	10		200	0	ok_provisional	results/exploratory/p0-03-dev-feasibility/outer_1/outer_1/cnmf_tmp/outer_1.spectra.k_10.dt_2_0.consensus.df.npz
000-full_training_pool-base_identifiable_DEVELOPMENT_r0-outer_1-k10-c4bf97a865cc	000	full_training_pool	base_identifiable_DEVELOPMENT_r0	donor_015	donor	outer_1	heldout_squared_prediction_error_counts_v1	1	859.1080106963881	lower_is_better	all	per_donor	10		200	0	ok_provisional	results/exploratory/p0-03-dev-feasibility/outer_1/outer_1/cnmf_tmp/outer_1.spectra.k_10.dt_2_0.consensus.df.npz
000-full_training_pool-base_identifiable_DEVELOPMENT_r0-outer_1-k10-c4bf97a865cc	000	full_training_pool	base_identifiable_DEVELOPMENT_r0	donor_017	donor	outer_1	heldout_squared_prediction_error_counts_v1	1	779.2306463402539	lower_is_better	all	per_donor	10		200	0	ok_provisional	results/exploratory/p0-03-dev-feasibility/outer_1/outer_1/cnmf_tmp/outer_1.spectra.k_10.dt_2_0.consensus.df.npz
000-full_training_pool-base_identifiable_DEVELOPMENT_r0-outer_1-k10-c4bf97a865cc	000	full_training_pool	base_identifiable_DEVELOPMENT_r0	donor_022	donor	outer_1	heldout_squared_prediction_error_counts_v1	1	878.9644338547276	lower_is_better	all	per_donor	10		200	0	ok_provisional	results/exploratory/p0-03-dev-feasibility/outer_1/outer_1/cnmf_tmp/outer_1.spectra.k_10.dt_2_0.consensus.df.npz
000-full_training_pool-base_identifiable_DEVELOPMENT_r0-outer_1-k10-c4bf97a865cc	000	full_training_pool	base_identifiable_DEVELOPMENT_r0	ALL_TEST_DONORS	donor	outer_1	heldout_squared_prediction_error_counts_v1	1	902.6149750130079	lower_is_better	all	equal_donor_mean	10		12	0	ok_provisional	results/exploratory/p0-03-dev-feasibility/outer_1/outer_1/cnmf_tmp/outer_1.spectra.k_10.dt_2_0.consensus.df.npz
000-full_training_pool-base_identifiable_DEVELOPMENT_r0-outer_1-k10-c4bf97a865cc	000	full_training_pool	base_identifiable_DEVELOPMENT_r0	donor_000	donor	outer_1	null_squared_prediction_error_v1	1	545.0473852776363	lower_is_better	all	per_donor	10		200	0	ok_provisional	results/exploratory/p0-03-dev-feasibility/outer_1/outer_1/cnmf_tmp/outer_1.spectra.k_10.dt_2_0.consensus.df.npz
000-full_training_pool-base_identifiable_DEVELOPMENT_r0-outer_1-k10-c4bf97a865cc	000	full_training_pool	base_identifiable_DEVELOPMENT_r0	donor_003	donor	outer_1	null_squared_prediction_error_v1	1	784.2569920265549	lower_is_better	all	per_donor	10		200	0	ok_provisional	results/exploratory/p0-03-dev-feasibility/outer_1/outer_1/cnmf_tmp/outer_1.spectra.k_10.dt_2_0.consensus.df.npz
000-full_training_pool-base_identifiable_DEVELOPMENT_r0-outer_1-k10-c4bf97a865cc	000	full_training_pool	base_identifiable_DEVELOPMENT_r0	donor_005	donor	outer_1	null_squared_prediction_error_v1	1	1017.619434247824	lower_is_better	all	per_donor	10		200	0	ok_provisional	results/exploratory/p0-03-dev-feasibility/outer_1/outer_1/cnmf_tmp/outer_1.spectra.k_10.dt_2_0.consensus.df.npz
000-full_training_pool-base_identifiable_DEVELOPMENT_r0-outer_1-k10-c4bf97a865cc	000	full_training_pool	base_identifiable_DEVELOPMENT_r0	donor_006	donor	outer_1	null_squared_prediction_error_v1	1	378.69735663838367	lower_is_better	all	per_donor	10		200	0	ok_provisional	results/exploratory/p0-03-dev-feasibility/outer_1/outer_1/cnmf_tmp/outer_1.spectra.k_10.dt_2_0.consensus.df.npz
000-full_training_pool-base_identifiable_DEVELOPMENT_r0-outer_1-k10-c4bf97a865cc	000	full_training_pool	base_identifiable_DEVELOPMENT_r0	donor_007	donor	outer_1	null_squared_prediction_error_v1	1	749.404010558099	lower_is_better	all	per_donor	10		200	0	ok_provisional	results/exploratory/p0-03-dev-feasibility/outer_1/outer_1/cnmf_tmp/outer_1.spectra.k_10.dt_2_0.consensus.df.npz
000-full_training_pool-base_identifiable_DEVELOPMENT_r0-outer_1-k10-c4bf97a865cc	000	full_training_pool	base_identifiable_DEVELOPMENT_r0	donor_009	donor	outer_1	null_squared_prediction_error_v1	1	487.685466988738	lower_is_better	all	per_donor	10		200	0	ok_provisional	results/exploratory/p0-03-dev-feasibility/outer_1/outer_1/cnmf_tmp/outer_1.spectra.k_10.dt_2_0.consensus.df.npz
000-full_training_pool-base_identifiable_DEVELOPMENT_r0-outer_1-k10-c4bf97a865cc	000	full_training_pool	base_identifiable_DEVELOPMENT_r0	donor_010	donor	outer_1	null_squared_prediction_error_v1	1	453.2069453553231	lower_is_better	all	per_donor	10		200	0	ok_provisional	results/exploratory/p0-03-dev-feasibility/outer_1/outer_1/cnmf_tmp/outer_1.spectra.k_10.dt_2_0.consensus.df.npz
000-full_training_pool-base_identifiable_DEVELOPMENT_r0-outer_1-k10-c4bf97a865cc	000	full_training_pool	base_identifiable_DEVELOPMENT_r0	donor_011	donor	outer_1	null_squared_prediction_error_v1	1	528.376925507963	lower_is_better	all	per_donor	10		200	0	ok_provisional	results/exploratory/p0-03-dev-feasibility/outer_1/outer_1/cnmf_tmp/outer_1.spectra.k_10.dt_2_0.consensus.df.npz
000-full_training_pool-base_identifiable_DEVELOPMENT_r0-outer_1-k10-c4bf97a865cc	000	full_training_pool	base_identifiable_DEVELOPMENT_r0	donor_013	donor	outer_1	null_squared_prediction_error_v1	1	310.26064549467156	lower_is_better	all	per_donor	10		200	0	ok_provisional	results/exploratory/p0-03-dev-feasibility/outer_1/outer_1/cnmf_tmp/outer_1.spectra.k_10.dt_2_0.consensus.df.npz
000-full_training_pool-base_identifiable_DEVELOPMENT_r0-outer_1-k10-c4bf97a865cc	000	full_training_pool	base_identifiable_DEVELOPMENT_r0	donor_015	donor	outer_1	null_squared_prediction_error_v1	1	518.1299617000865	lower_is_better	all	per_donor	10		200	0	ok_provisional	results/exploratory/p0-03-dev-feasibility/outer_1/outer_1/cnmf_tmp/outer_1.spectra.k_10.dt_2_0.consensus.df.npz
000-full_training_pool-base_identifiable_DEVELOPMENT_r0-outer_1-k10-c4bf97a865cc	000	full_training_pool	base_identifiable_DEVELOPMENT_r0	donor_017	donor	outer_1	null_squared_prediction_error_v1	1	422.1695005370706	lower_is_better	all	per_donor	10		200	0	ok_provisional	results/exploratory/p0-03-dev-feasibility/outer_1/outer_1/cnmf_tmp/outer_1.spectra.k_10.dt_2_0.consensus.df.npz
000-full_training_pool-base_identifiable_DEVELOPMENT_r0-outer_1-k10-c4bf97a865cc	000	full_training_pool	base_identifiable_DEVELOPMENT_r0	donor_022	donor	outer_1	null_squared_prediction_error_v1	1	463.33895946725784	lower_is_better	all	per_donor	10		200	0	ok_provisional	results/exploratory/p0-03-dev-feasibility/outer_1/outer_1/cnmf_tmp/outer_1.spectra.k_10.dt_2_0.consensus.df.npz
000-full_training_pool-base_identifiable_DEVELOPMENT_r0-outer_1-k10-c4bf97a865cc	000	full_training_pool	base_identifiable_DEVELOPMENT_r0	ALL_TEST_DONORS	donor	outer_1	null_squared_prediction_error_v1	1	554.8494653166341	lower_is_better	all	equal_donor_mean	10		12	0	ok_provisional	results/exploratory/p0-03-dev-feasibility/outer_1/outer_1/cnmf_tmp/outer_1.spectra.k_10.dt_2_0.consensus.df.npz
000-full_training_pool-base_identifiable_DEVELOPMENT_r0-outer_1-k10-c4bf97a865cc	000	full_training_pool	base_identifiable_DEVELOPMENT_r0	000-full_training_pool-base_identifiable_DEVELOPMENT_r0-outer_1-k10-c4bf97a865cc	experiment	outer_1	wall_seconds_v1	1	2.4932706812396646	lower_is_better	all	experiment	10		1	0	ok_provisional	results/exploratory/p0-03-dev-feasibility/outer_1/outer_1/cnmf_tmp/outer_1.spectra.k_10.dt_2_0.consensus.df.npz
000-full_training_pool-base_identifiable_DEVELOPMENT_r0-outer_1-k10-c4bf97a865cc	000	full_training_pool	base_identifiable_DEVELOPMENT_r0	000-full_training_pool-base_identifiable_DEVELOPMENT_r0-outer_1-k10-c4bf97a865cc	experiment	outer_1	cpu_seconds_v1	1	2.4162697619999562	lower_is_better	all	experiment	10		1	0	ok_provisional	results/exploratory/p0-03-dev-feasibility/outer_1/outer_1/cnmf_tmp/outer_1.spectra.k_10.dt_2_0.consensus.df.npz
000-full_training_pool-base_identifiable_DEVELOPMENT_r0-outer_1-k10-c4bf97a865cc	000	full_training_pool	base_identifiable_DEVELOPMENT_r0	000-full_training_pool-base_identifiable_DEVELOPMENT_r0-outer_1-k10-c4bf97a865cc	experiment	outer_1	peak_memory_mb_v1	1	746.7109375	lower_is_better	all	experiment	10		1	0	ok_provisional	results/exploratory/p0-03-dev-feasibility/outer_1/outer_1/cnmf_tmp/outer_1.spectra.k_10.dt_2_0.consensus.df.npz
000-full_training_pool-base_identifiable_DEVELOPMENT_r0-outer_1-k10-c4bf97a865cc	000	full_training_pool	base_identifiable_DEVELOPMENT_r0	000-full_training_pool-base_identifiable_DEVELOPMENT_r0-outer_1-k10-c4bf97a865cc	experiment	outer_1	failed_fits_v1	1	0	lower_is_better	all	experiment	10		1	0	ok_provisional	results/exploratory/p0-03-dev-feasibility/outer_1/outer_1/cnmf_tmp/outer_1.spectra.k_10.dt_2_0.consensus.df.npz
